7692,1,0,5,-0.922191,2.229368,1.525474,0.146932,-0.217127,-0.034087
12197,0,0,0,0.463621,-0.443104,-0.030373,-0.144804,-0.217127,0.772930
44890,0,0,0,-1.141004,0.257596,-0.419335,-0.144804,-0.217127,-0.034087
21762,1,0,5,2.068246,0.412090,-0.419335,-0.144804,-0.217127,-2.697242
17567,0,0,0,-0.046942,1.161017,1.136512,-0.144804,-0.217127,0.772930
7071,0,0,0,1.265933,0.799664,1.136512,-0.144804,-0.217127,0.369421
20224,0,0,0,-0.119879,0.002025,1.914436,-0.144804,-0.217127,0.772930
14275,0,0,0,-0.703379,-0.556880,-0.419335,-0.144804,-0.217127,0.369421
32273,0,3,3,-1.068066,0.154767,0.747550,-0.144804,-0.217127,-1.648120
45617,1,0,5,0.901246,1.043218,0.358588,-0.144804,-0.217127,-0.034087
13990,0,0,0,-1.359816,-0.754829,-0.419335,-0.144804,-0.217127,-0.034087
30423,1,0,5,-1.141004,-0.567192,-0.030373,-0.144804,4.053340,-0.034087
31329,1,0,5,-0.776316,-0.486086,2.303397,-0.144804,-0.217127,-0.034087
40200,0,0,0,-0.630441,1.504957,-0.419335,-0.144804,-0.217127,-0.034087
25994,0,1,1,0.463621,1.405651,-0.030373,-0.144804,-0.217127,-0.034087
34691,0,0,0,0.171871,0.394723,1.136512,-0.144804,-0.217127,-0.034087
36626,0,0,0,0.828308,-1.143587,2.303397,0.886874,-0.217127,1.579946
31551,0,0,0,-0.411629,-0.013429,1.136512,-0.144804,-0.217127,-0.034087
40334,0,0,0,-1.432754,0.833602,-3.531030,-0.144804,-0.217127,0.772930
17434,0,0,0,0.901246,1.169303,-0.419335,-0.144804,-0.217127,-0.034087
30653,0,0,0,0.463621,-1.009443,1.136512,-0.144804,-0.217127,0.772930
14285,0,0,0,1.120058,-0.158766,1.914436,0.550049,-0.217127,0.772930
9969,0,0,0,-0.922191,-0.711923,-0.419335,-0.144804,-0.217127,-0.034087
4812,1,0,5,2.214121,-0.242059,-0.419335,-0.144804,-0.217127,-0.034087
37112,0,0,0,1.411808,-0.472791,-0.419335,-0.144804,4.102968,-0.034087
9163,1,0,5,0.171871,-0.043627,1.525474,-0.144804,-0.217127,-0.034087
25459,0,0,0,-0.119879,-0.094629,-1.975183,-0.144804,-0.217127,0.772930
33752,1,0,5,-1.068066,-0.140329,-0.419335,-0.144804,-0.217127,-0.034087
3908,0,3,3,-0.776316,0.093765,1.136512,-0.144804,-0.217127,-0.034087
48584,0,0,0,1.484746,-0.173377,1.525474,-0.144804,-0.217127,1.176438
34663,0,0,0,-0.557504,-1.563973,-0.419335,-0.144804,-0.217127,0.772930
31029,0,0,0,-0.557504,0.271374,-0.030373,-0.144804,-0.217127,-0.841104
28193,0,0,0,-1.286879,1.782780,-0.030373,-0.144804,5.681130,0.611526
25533,0,0,0,-0.411629,2.206888,-0.419335,-0.144804,-0.217127,-0.034087
41200,1,3,8,-0.265754,-0.458208,-0.419335,-0.144804,-0.217127,-0.034087
30405,1,0,5,-0.484566,-0.401969,1.136512,-0.144804,-0.217127,1.176438
32010,0,0,0,-0.557504,-1.225677,-0.419335,-0.144804,-0.217127,-0.034087
25080,0,0,0,-0.265754,-1.033921,0.358588,-0.144804,-0.217127,-0.034087
27310,0,3,3,1.192996,0.631335,1.136512,-0.144804,-0.217127,-0.034087
3022,0,0,0,0.901246,-1.566994,1.136512,-0.144804,-0.217127,-0.034087
32951,1,0,5,0.828308,-0.487402,1.136512,-0.144804,-0.217127,0.772930
6309,1,0,5,-0.484566,-0.187714,-0.030373,-0.144804,-0.217127,1.176438
23566,0,0,0,-1.432754,-0.834400,-0.030373,-0.144804,-0.217127,-2.051629
25352,0,0,0,1.849433,-0.722898,-0.419335,-0.144804,-0.217127,-0.034087
3214,0,0,0,-1.213941,0.009099,-0.030373,-0.144804,-0.217127,-0.437595
7824,0,0,0,0.901246,-0.069602,1.525474,-0.144804,-0.217127,-0.034087
1356,0,3,3,0.098933,-0.326451,-1.586221,-0.144804,-0.217127,1.176438
25700,1,0,5,-0.849254,0.043359,1.914436,-0.144804,-0.217127,-0.034087
7018,0,0,0,-0.046942,1.446777,-0.030373,-0.144804,-0.217127,1.176438
14311,0,0,0,-0.411629,-0.505035,-0.419335,-0.144804,-0.217127,0.772930
24670,1,0,5,-0.265754,-0.416278,-0.419335,0.384186,-0.217127,-0.437595
16908,0,0,0,1.411808,0.179691,1.136512,-0.144804,-0.217127,-0.034087
46635,0,0,0,0.536558,-0.013173,-0.419335,1.871315,-0.217127,0.772930
27444,0,0,0,-0.776316,2.578194,-2.364144,-0.144804,-0.217127,-0.034087
32782,1,1,6,-0.995129,-1.060256,-0.419335,-0.144804,-0.217127,-0.034087
1434,0,3,3,-0.265754,0.203128,-0.030373,-0.144804,-0.217127,-0.034087
32142,1,0,5,-0.703379,-1.364641,-0.030373,-0.144804,-0.217127,-0.034087
31664,1,0,5,1.630621,0.134323,-0.030373,-0.144804,-0.217127,-0.034087
29478,1,0,5,-0.046942,-0.129657,-0.030373,-0.144804,-0.217127,-0.034087
47646,0,0,0,2.359996,-0.595221,1.525474,-0.144804,3.284110,2.386963
10825,1,0,5,0.609496,-0.420397,-1.197259,-0.144804,-0.217127,0.369421
26553,0,0,0,-1.359816,-1.422178,-0.030373,-0.144804,-0.217127,2.386963
30476,0,3,3,-0.119879,0.720367,-0.030373,-0.144804,4.465250,1.579946
33062,0,0,0,0.025996,0.330264,-1.975183,0.443768,-0.217127,1.176438
4537,0,0,0,-0.557504,-0.748285,1.136512,-0.144804,-0.217127,-0.034087
37242,1,0,5,1.484746,0.589244,-1.586221,-0.144804,-0.217127,-1.244612
13305,0,0,0,-1.213941,2.310588,0.747550,-0.144804,-0.217127,-0.356894
41826,0,0,0,1.995308,0.086190,-0.419335,-0.144804,-0.217127,-0.034087
12988,0,0,0,-0.776316,0.012906,-0.419335,-0.144804,-0.217127,-0.034087
21084,0,3,3,1.484746,-0.793521,1.136512,-0.144804,-0.217127,-0.841104
46636,0,0,0,-1.286879,-0.906103,-0.419335,-0.144804,-0.217127,-0.034087
18119,0,0,0,1.849433,-1.505641,0.358588,-0.144804,-0.217127,-0.841104
44069,0,0,0,-0.192816,-1.438276,-0.419335,-0.144804,-0.217127,0.611526
30864,0,2,2,0.390683,-0.858642,1.136512,-0.144804,-0.217127,-0.195490
30299,0,0,0,0.244808,-0.350257,-2.364144,-0.144804,-0.217127,-0.034087
15116,1,0,5,1.557683,-1.092973,0.358588,-0.144804,-0.217127,-0.841104
21305,0,3,3,-1.505691,2.131161,-1.197259,-0.144804,3.758055,-1.406015
48838,0,3,3,1.849433,1.247492,-0.419335,-0.144804,-0.217127,-0.034087
22017,0,0,0,0.828308,-0.612683,-0.419335,-0.144804,4.688575,-0.437595
42049,0,0,0,-0.119879,0.253865,-0.419335,-0.144804,-0.217127,0.611526
15771,0,0,0,-0.849254,-1.444809,-1.975183,-0.144804,-0.217127,-0.841104
48828,1,3,8,-0.046942,0.548118,0.358588,-0.144804,-0.217127,-0.034087
17580,0,0,0,0.098933,0.473887,-1.197259,-0.144804,-0.217127,1.176438
3362,1,3,8,-0.703379,-0.505546,-1.586221,-0.144804,-0.217127,-0.679700
38626,1,0,5,-0.630441,0.712782,1.136512,-0.144804,-0.217127,-0.034087
20279,0,0,0,-1.286879,0.392942,-0.030373,-0.144804,-0.217127,-1.244612
28288,0,0,0,-0.192816,0.319772,1.525474,0.886874,-0.217127,0.772930
26304,1,0,5,1.338871,-0.859239,-0.030373,-0.144804,-0.217127,-1.970927
11179,0,0,0,-1.359816,0.506746,-0.419335,-0.144804,-0.217127,-0.034087
10837,1,0,5,0.755371,0.125090,-0.419335,-0.144804,-0.217127,-0.034087
33275,0,0,0,-0.119879,-0.537723,-0.030373,-0.144804,-0.217127,0.772930
43662,0,3,3,-0.411629,-0.218944,-2.364144,-0.144804,-0.217127,-0.034087
17417,0,0,0,-0.265754,-1.190716,-0.419335,-0.144804,-0.217127,-0.034087
33101,0,0,0,1.192996,1.555041,-2.364144,-0.144804,-0.217127,0.772930
37002,0,0,0,0.755371,-1.005844,1.136512,-0.144804,-0.217127,3.597488
42764,0,3,3,-0.630441,1.223904,1.136512,-0.144804,-0.217127,1.176438
25782,0,0,0,-0.265754,2.511093,-0.030373,-0.144804,-0.217127,-0.034087
13857,0,0,0,0.609496,-1.296073,-0.030373,-0.144804,-0.217127,0.450123
25391,0,0,0,-0.557504,-1.482413,1.525474,-0.144804,-0.217127,0.369421
14591,1,4,9,0.317746,0.073226,-0.030373,-0.144804,-0.217127,-2.777944
36695,0,0,0,0.828308,0.527370,-0.030373,-0.144804,-0.217127,0.772930
22400,1,3,8,-0.922191,1.764306,-0.419335,-0.144804,-0.217127,-0.276192
38578,1,0,5,-1.359816,0.301278,-0.030373,-0.144804,-0.217127,-2.616540
15781,0,0,0,-0.119879,-0.210052,-1.586221,-0.144804,-0.217127,-0.437595
47180,1,0,5,0.025996,-1.501958,-0.030373,-0.144804,-0.217127,-0.034087
19617,0,0,0,1.484746,-0.068219,1.136512,-0.144804,-0.217127,1.579946
21557,0,0,0,0.682433,-0.322009,0.358588,0.886874,-0.217127,-0.034087
32484,1,0,5,0.682433,0.742582,-0.030373,-0.144804,-0.217127,-0.034087
9227,1,0,5,0.171871,-0.071552,1.525474,3.589525,-0.217127,-0.437595
47050,1,0,5,-0.557504,-0.181350,-0.419335,-0.144804,-0.217127,4.727312
14527,0,0,0,0.536558,-1.517260,0.747550,-0.144804,-0.217127,0.772930
46944,0,0,0,0.317746,-0.955249,-0.030373,-0.144804,-0.217127,0.369421
25959,0,0,0,1.265933,-0.862042,-2.364144,-0.144804,-0.217127,-0.034087
14942,0,0,0,0.901246,-0.987104,-0.419335,-0.144804,-0.217127,1.176438
9938,1,0,5,-0.192816,-1.449099,-0.030373,-0.144804,-0.217127,-1.244612
8165,1,0,5,0.244808,-0.043627,-0.419335,-0.144804,-0.217127,-0.437595
11806,0,3,3,-0.265754,-1.047453,-0.419335,-0.144804,-0.217127,2.548367
32518,0,0,0,1.338871,-0.750425,-0.419335,13.274382,-0.217127,-0.034087
33788,0,0,0,0.317746,-0.040256,1.136512,-0.144804,4.688575,0.772930
5543,0,0,0,0.390683,1.013834,1.525474,-0.144804,-0.217127,-0.034087
12425,0,0,0,1.192996,-0.829580,-1.586221,-0.144804,-0.217127,0.369421
46753,0,0,0,-0.192816,-0.234824,1.136512,-0.144804,-0.217127,-0.034087
2909,0,0,0,1.192996,-0.054877,1.914436,-0.144804,-0.217127,0.772930
21042,1,0,5,-0.849254,0.030983,1.136512,-0.144804,-0.217127,-0.034087
764,0,0,0,0.901246,1.866509,1.136512,-0.144804,-0.217127,1.176438
5155,1,0,5,1.120058,0.838669,-0.030373,1.266909,-0.217127,-0.841104
16481,1,0,5,-0.922191,1.153688,1.136512,-0.144804,-0.217127,-0.034087
16825,1,0,5,-0.046942,0.133508,-0.419335,-0.144804,-0.217127,-0.034087
10511,0,0,0,-0.411629,-0.604227,-0.419335,-0.144804,-0.217127,-0.034087
32959,0,1,1,-0.192816,-0.694168,1.525474,-0.144804,-0.217127,0.369421
8457,0,0,0,-1.141004,-0.672056,1.136512,-0.144804,-0.217127,-0.437595
11003,1,0,5,-0.776316,-0.079289,1.136512,-0.144804,3.663762,0.772930
26729,0,0,0,0.901246,-0.138198,0.747550,0.550049,-0.217127,0.369421
41045,1,0,5,-0.484566,-1.326906,-0.030373,0.348222,-0.217127,-0.034087
4674,0,0,0,1.703558,-0.629662,-0.030373,-0.144804,-0.217127,-2.455137
15237,1,0,5,-1.213941,0.007243,-0.030373,-0.144804,-0.217127,-1.648120
1572,0,0,0,-1.068066,0.080337,-0.030373,-0.144804,-0.217127,-0.841104
7550,1,0,5,0.025996,-0.607124,-0.419335,-0.144804,-0.217127,-0.034087
43298,1,0,5,0.098933,-1.269824,1.136512,-0.144804,-0.217127,-0.034087
43166,0,0,0,-0.046942,-0.521095,-0.419335,-0.144804,-0.217127,0.369421
46880,0,0,0,-0.338691,0.605588,-0.030373,-0.144804,-0.217127,1.579946
21813,0,0,0,-1.505691,-0.009925,-1.197259,-0.144804,-0.217127,-2.051629
16506,1,0,5,-1.286879,-0.046477,-0.030373,-0.144804,-0.217127,-1.970927
18765,0,0,0,-1.213941,-0.845802,-0.419335,-0.144804,-0.217127,0.208018
10218,0,1,1,0.974183,-0.514428,-0.030373,-0.144804,-0.217127,-0.034087
7812,1,0,5,1.703558,-0.689868,-0.030373,-0.144804,-0.217127,-0.034087
40969,0,0,0,-0.703379,-0.707330,0.358588,-0.144804,-0.217127,-0.034087
17023,0,0,0,-1.068066,1.294186,1.136512,-0.144804,-0.217127,-1.648120
2500,1,0,5,-0.849254,0.607463,-0.030373,-0.144804,-0.217127,-0.034087
14003,0,0,0,0.244808,0.724136,-0.030373,-0.144804,-0.217127,0.934333
28472,0,0,0,0.901246,2.631999,-1.975183,-0.144804,-0.217127,-0.034087
1867,1,0,5,-0.192816,-0.575553,-0.419335,-0.144804,-0.217127,0.611526
14087,0,0,0,-0.557504,0.356627,-0.030373,-0.144804,-0.217127,-0.034087
30419,1,0,5,-1.141004,0.419106,-0.030373,-0.144804,-0.217127,-1.648120
46799,0,0,0,-1.432754,0.403368,-1.975183,-0.144804,-0.217127,-0.034087
15444,1,0,5,-1.359816,0.280313,-0.419335,-0.144804,-0.217127,-0.356894
44388,0,0,0,0.244808,0.684023,1.525474,-0.144804,-0.217127,0.772930
36424,1,0,5,1.703558,-0.836048,-1.586221,-0.144804,-0.217127,-0.034087
18947,0,0,0,0.828308,-0.902183,0.358588,-0.144804,-0.217127,0.772930
45431,1,1,6,-0.265754,-0.070653,-0.030373,-0.144804,-0.217127,-0.034087
1099,1,0,5,0.317746,-0.070170,-0.030373,-0.144804,-0.217127,-0.034087
23214,0,0,0,0.755371,-0.005124,-0.419335,0.527907,-0.217127,0.772930
3880,0,0,0,1.120058,-0.589085,-0.030373,-0.144804,-0.217127,0.611526
22381,1,0,5,0.682433,0.464588,-0.419335,-0.144804,-0.217127,-0.034087
22051,1,0,5,-1.286879,0.504227,-0.419335,-0.144804,-0.217127,-0.437595
11406,0,0,0,0.025996,0.556621,-2.753106,-0.144804,-0.217127,-0.034087
38193,1,0,5,-0.995129,1.902152,-0.030373,-0.144804,-0.217127,-1.244612
44482,0,0,0,-1.286879,0.126179,-0.030373,-0.144804,-0.217127,3.193980
42986,1,0,5,-0.703379,-1.479392,-0.419335,-0.144804,-0.217127,0.127316
7510,0,0,0,1.703558,0.340832,-0.419335,-0.144804,-0.217127,-1.325314
42821,1,0,5,-0.265754,-1.226567,-1.586221,-0.144804,-0.217127,-0.034087
36280,1,0,5,1.776496,-1.032255,-0.030373,-0.144804,-0.217127,-0.034087
38535,0,3,3,-1.286879,1.198071,-0.419335,-0.144804,-0.217127,-0.034087
31433,0,0,0,-0.995129,-0.076590,-0.030373,-0.144804,-0.217127,1.176438
38098,0,0,0,0.828308,0.803613,-0.419335,-0.144804,-0.217127,-0.034087
35666,0,0,0,-0.192816,-0.128435,-0.030373,-0.144804,-0.217127,-0.034087
21430,0,0,0,0.974183,-1.463710,2.303397,-0.144804,-0.217127,-0.034087
38192,0,4,4,0.463621,1.857229,-2.753106,-0.144804,-0.217127,-0.034087
33958,1,2,7,0.682433,0.012773,1.136512,-0.144804,-0.217127,-0.034087
33631,1,4,9,1.047121,0.177437,-0.030373,0.508046,-0.217127,0.369421
33126,0,0,0,-0.265754,-0.694063,-0.419335,-0.144804,-0.217127,-0.034087
36950,1,0,5,0.390683,-1.154183,-0.419335,-0.144804,-0.217127,-0.034087
48434,0,0,0,-0.192816,0.118774,-0.419335,-0.144804,-0.217127,2.306261
43062,0,0,0,1.047121,0.108547,-0.419335,-0.144804,-0.217127,-0.034087
15432,0,0,0,-0.192816,-0.218887,-0.030373,-0.144804,-0.217127,-0.034087
39552,1,0,5,-1.432754,-0.623630,-0.419335,-0.144804,-0.217127,-0.034087
18575,0,0,0,1.047121,-0.569484,1.136512,-0.144804,-0.217127,0.772930
23546,0,0,0,0.317746,-1.482327,-0.030373,-0.144804,-0.217127,0.772930
42098,0,0,0,-0.922191,-0.564815,-0.419335,-0.144804,-0.217127,-0.034087
46838,1,0,5,-0.849254,0.452657,1.136512,-0.144804,-0.217127,-0.841104
36399,0,0,0,-0.484566,-0.380038,-0.419335,-0.144804,-0.217127,-0.034087
14769,0,0,0,-1.213941,-0.408361,-1.197259,-0.144804,-0.217127,0.772930
29652,1,0,5,1.265933,-0.528822,-0.419335,-0.144804,-0.217127,-0.034087
18766,0,0,0,-1.505691,-1.452508,-0.419335,-0.144804,-0.217127,-1.244612
11988,1,0,5,0.828308,-0.890952,-0.419335,-0.144804,-0.217127,-2.293734
29869,1,0,5,-1.432754,-0.642749,-0.030373,-0.144804,-0.217127,-0.841104
26226,1,0,5,-0.265754,3.028304,1.136512,-0.144804,-0.217127,0.369421
48660,0,3,3,0.317746,-1.106722,-0.030373,0.550049,-0.217127,-0.034087
29786,0,1,1,0.171871,-0.194693,1.136512,-0.144804,-0.217127,-0.034087
40071,1,0,5,-0.411629,-0.180044,1.136512,-0.144804,4.688575,-0.195490
41851,0,0,0,-0.484566,1.012035,-0.419335,-0.144804,-0.217127,0.127316
5615,1,0,5,0.390683,2.715141,-0.030373,-0.144804,-0.217127,-0.034087
29558,0,0,0,1.849433,0.272965,1.136512,3.589525,-0.217127,1.176438
17731,0,0,0,-0.922191,1.678323,-0.419335,-0.144804,-0.217127,-0.034087
29205,1,0,5,-1.141004,1.185856,-0.419335,-0.144804,-0.217127,0.369421
6665,0,0,0,0.025996,-0.111333,-0.419335,-0.144804,4.465250,-0.034087
43141,1,0,5,-0.849254,-0.514835,1.525474,-0.144804,-0.217127,-0.034087
15187,0,0,0,0.317746,0.014506,-0.030373,-0.144804,-0.217127,1.176438
34733,0,0,0,0.025996,0.198345,1.914436,-0.144804,-0.217127,-0.760402
34188,0,0,0,-0.995129,1.110233,-0.419335,-0.144804,-0.217127,-0.034087
14229,0,0,0,0.098933,-0.082186,1.525474,-0.144804,-0.217127,0.772930
33520,0,0,0,1.484746,-0.758474,-0.419335,-0.144804,-0.217127,1.176438
7899,0,0,0,0.536558,-1.528737,-0.030373,-0.144804,-0.217127,1.418543
28085,0,0,0,-0.484566,0.350671,1.136512,-0.144804,-0.217127,1.176438
31509,0,0,0,-1.213941,-1.321252,-2.753106,-0.144804,-0.217127,-0.034087
48188,0,0,0,-1.213941,1.240030,-2.364144,-0.144804,-0.217127,-0.437595
11310,1,0,5,-0.338691,-1.106703,1.136512,-0.144804,-0.217127,-2.051629
19781,1,3,8,0.901246,-0.402111,-0.419335,-0.144804,-0.217127,-0.034087
12765,0,0,0,-0.046942,1.659934,-0.419335,0.320042,-0.217127,-0.034087
38005,1,3,8,2.432933,-0.243773,-0.030373,-0.144804,-0.217127,-1.648120
46962,1,0,5,-1.578629,-1.096978,-0.808297,-0.144804,-0.217127,-2.616540
5517,0,0,0,-0.265754,-0.226292,-0.030373,-0.144804,-0.217127,-0.034087
41702,1,3,8,-1.141004,0.740310,1.136512,-0.144804,-0.217127,-0.679700
28294,0,0,0,1.922371,0.196177,1.136512,13.274382,-0.217127,1.983455
21384,0,0,0,-0.922191,1.563591,-0.030373,-0.144804,-0.217127,-1.648120
48666,1,0,5,-1.359816,-0.262324,-0.030373,-0.144804,-0.217127,-1.970927
47887,0,0,0,1.120058,-0.366137,-0.030373,-0.144804,-0.217127,0.288720
40337,0,0,0,-0.703379,0.396228,-0.419335,-0.144804,-0.217127,-0.437595
6690,0,0,0,1.557683,0.089210,-1.586221,-0.144804,-0.217127,-0.034087
5874,0,0,0,1.484746,-0.768616,-0.030373,0.245296,-0.217127,-0.034087
10741,0,0,0,-0.922191,-1.446249,0.358588,-0.144804,4.750610,-0.034087
16127,0,0,0,0.317746,0.170647,-0.419335,-0.144804,-0.217127,-0.034087
31545,1,0,5,-0.411629,-0.836332,1.136512,-0.144804,-0.217127,-0.034087
4907,1,0,5,-0.119879,-1.431742,-0.030373,-0.144804,-0.217127,-0.034087
45215,0,0,0,-1.505691,-0.369205,-1.586221,-0.144804,-0.217127,-0.034087
28804,0,0,0,-1.359816,2.090679,-0.419335,-0.144804,-0.217127,-1.648120
1212,1,0,5,-0.557504,-1.489145,-0.030373,-0.144804,-0.217127,-1.648120
9828,0,0,0,1.849433,0.250901,2.303397,-0.144804,-0.217127,0.772930
25695,1,0,5,-0.922191,-0.374347,-0.419335,-0.144804,-0.217127,0.369421
16723,1,0,5,-1.286879,-0.358647,-0.030373,-0.144804,-0.217127,-0.841104
20499,0,1,1,-0.119879,0.528564,-0.419335,-0.144804,-0.217127,-0.034087
31344,0,0,0,0.463621,-0.492980,-0.030373,-0.144804,-0.217127,-0.034087
43510,0,0,0,0.317746,-0.119411,-0.419335,-0.144804,-0.217127,1.579946
39144,0,3,3,-1.432754,-0.656261,-0.419335,-0.144804,-0.217127,-0.034087
38594,0,1,1,-0.703379,1.238477,1.136512,-0.144804,-0.217127,-0.034087
40392,1,0,5,-0.265754,1.304612,-0.030373,-0.144804,-0.217127,0.369421
5374,0,3,3,1.192996,-0.308563,-0.030373,-0.144804,-0.217127,-0.034087
639,0,0,0,0.974183,0.944783,2.303397,-0.144804,-0.217127,1.579946
21645,1,0,5,0.609496,-1.488170,-0.030373,-0.144804,-0.217127,-0.034087
9613,0,0,0,1.192996,0.874586,1.136512,1.871315,-0.217127,0.772930
27098,0,0,0,-0.703379,-0.084336,0.747550,-0.144804,-0.217127,1.579946
44661,1,0,5,0.901246,0.287273,1.136512,-0.144804,-0.217127,-0.034087
37943,1,0,5,-0.995129,0.119654,-0.030373,-0.144804,-0.217127,-0.034087
8470,0,0,0,0.171871,1.537759,0.747550,-0.144804,-0.217127,-0.034087
37479,1,0,5,-0.557504,-1.381071,1.136512,-0.144804,-0.217127,-0.034087
30868,1,0,5,-0.265754,0.347025,1.136512,-0.144804,-0.217127,-0.034087
1631,1,0,5,2.068246,0.656316,-0.419335,-0.144804,-0.217127,-1.325314
22672,0,0,0,0.828308,-1.023798,-0.419335,-0.144804,-0.217127,-0.034087
21954,0,0,0,-0.484566,-0.320854,-0.030373,-0.144804,-0.217127,-0.034087
2935,0,0,0,0.828308,-0.113246,-0.030373,-0.144804,4.100486,0.611526
26674,0,0,0,0.244808,-0.649690,1.136512,-0.144804,-0.217127,1.579946
31972,0,0,0,0.317746,-1.208661,1.914436,13.274382,-0.217127,-0.034087
31769,1,0,5,-1.359816,-0.306167,-0.030373,-0.144804,-0.217127,-1.244612
2806,0,0,0,0.609496,-0.012103,1.525474,-0.144804,-0.217127,-0.195490
34718,0,0,0,-0.995129,0.117126,1.525474,-0.144804,-0.217127,0.369421
1607,0,0,0,0.609496,-0.827118,-0.419335,-0.144804,-0.217127,-0.034087
18368,0,0,0,-0.849254,-0.802507,0.358588,-0.144804,-0.217127,-0.034087
46222,0,0,0,-1.359816,1.559491,-0.030373,-0.144804,-0.217127,-0.437595
21599,0,0,0,1.047121,-0.848794,2.303397,-0.144804,-0.217127,-0.034087
1737,1,0,5,-1.286879,-1.487157,-0.419335,-0.144804,4.048377,-1.970927
10154,1,3,8,-0.776316,1.129996,-0.030373,-0.144804,-0.217127,-0.034087
2058,0,0,0,-1.432754,1.557152,-0.419335,-0.144804,-0.217127,-0.841104
46176,0,0,0,-0.338691,-0.190981,-0.030373,-0.144804,-0.217127,-0.034087
45658,0,0,0,0.609496,-0.286594,1.914436,-0.144804,-0.217127,1.176438
34337,0,0,0,0.536558,0.800507,-0.419335,-0.144804,-0.217127,0.772930
41446,0,0,0,1.192996,-0.451163,-0.419335,-0.144804,-0.217127,0.369421
21568,1,0,5,1.484746,0.064561,-0.419335,-0.144804,-0.217127,-0.034087
12052,0,0,0,2.287058,1.474153,1.136512,-0.144804,-0.217127,-0.034087
5601,0,0,0,-0.338691,-0.113530,1.136512,-0.144804,-0.217127,1.176438
41247,0,0,0,0.901246,1.740329,-0.030373,-0.144804,4.750610,-0.034087
30383,0,0,0,-0.046942,-0.771987,1.525474,-0.144804,-0.217127,0.772930
18001,0,0,0,-0.192816,-0.102735,1.136512,1.011137,-0.217127,-0.034087
39005,0,0,0,-0.630441,0.442363,-1.197259,-0.144804,-0.217127,-0.841104
8187,1,0,5,2.141183,0.328342,0.358588,-0.144804,-0.217127,-0.034087
20755,1,0,5,-1.432754,-1.456391,-0.030373,-0.144804,-0.217127,-0.437595
5603,0,1,1,-1.141004,1.238477,1.136512,-0.144804,-0.217127,-1.325314
29430,0,0,0,1.120058,-0.820433,-0.419335,-0.144804,-0.217127,0.127316
37031,0,3,3,-1.359816,-0.111438,-0.419335,-0.144804,-0.217127,-0.034087
17331,0,0,0,0.025996,-0.046051,1.136512,-0.144804,-0.217127,-0.034087
22935,0,0,0,-0.119879,0.112372,-0.419335,-0.144804,-0.217127,-0.034087
12930,0,0,0,0.901246,-0.706790,-0.419335,-0.144804,-0.217127,-0.034087
12732,0,1,1,0.828308,-0.274047,1.525474,0.834538,-0.217127,-0.034087
25614,0,0,0,1.484746,1.664024,-0.030373,-0.144804,-0.217127,-0.034087
39380,1,0,5,-0.338691,-0.117877,-0.419335,-0.144804,-0.217127,-0.034087
17851,0,0,0,-0.557504,1.996828,-0.030373,-0.144804,-0.217127,-0.034087
777,0,0,0,-0.338691,-1.099204,1.525474,-0.144804,-0.217127,-0.034087
20732,0,0,0,0.171871,-0.017633,-0.030373,-0.144804,-0.217127,0.772930
13737,0,0,0,-0.776316,1.439779,-0.419335,-0.144804,-0.217127,-0.034087
33154,1,0,5,-1.505691,1.543289,-0.030373,-0.144804,-0.217127,-1.648120
23532,0,0,0,-1.068066,-0.688391,1.136512,-0.144804,-0.217127,0.369421
20355,0,0,0,-0.119879,-1.487990,-0.419335,-0.144804,-0.217127,-0.034087
25316,0,0,0,0.098933,1.251782,-0.419335,-0.144804,-0.217127,1.579946
44333,0,3,3,-0.630441,-1.009424,-0.419335,-0.144804,-0.217127,-0.841104
3306,0,0,0,-0.849254,0.564860,-0.030373,-0.144804,-0.217127,0.288720
22352,0,0,0,-0.922191,1.781104,-0.419335,-0.144804,-0.217127,-0.034087
39761,0,0,0,-0.630441,0.121075,-0.419335,-0.144804,-0.217127,-0.034087
45220,1,0,5,1.338871,0.108850,0.747550,-0.144804,-0.217127,-0.034087
13635,0,0,0,-0.046942,-0.032889,1.136512,-0.144804,-0.217127,-0.034087
28080,1,0,5,-1.286879,0.878951,-0.030373,-0.144804,-0.217127,-0.034087
125,1,0,5,0.609496,0.929556,1.136512,-0.144804,-0.217127,-0.034087
41265,0,0,0,0.828308,1.261100,0.358588,-0.144804,-0.217127,-0.034087
36473,1,0,5,-0.849254,0.243922,1.136512,-0.144804,-0.217127,-1.970927
23691,0,0,0,0.171871,1.288997,-0.419335,-0.144804,-0.217127,-0.034087
10338,1,3,8,1.703558,0.196963,-0.419335,-0.144804,-0.217127,-0.195490
9444,0,0,0,0.828308,-0.651025,-1.197259,-0.144804,-0.217127,-0.034087
47740,0,0,0,0.390683,-0.498832,-0.030373,-0.144804,-0.217127,-1.244612
15716,1,0,5,0.536558,-0.328818,-0.030373,-0.144804,-0.217127,-0.034087
25687,0,0,0,2.287058,0.057526,-1.586221,-0.144804,-0.217127,0.369421
5160,1,0,5,0.244808,-0.281556,1.136512,-0.144804,-0.217127,0.369421
36022,0,0,0,1.120058,-0.886359,1.136512,-0.144804,-0.217127,-0.034087
3463,0,0,0,-1.578629,0.617358,-1.197259,-0.144804,-0.217127,-1.648120
48540,0,0,0,-0.265754,-0.439695,0.358588,-0.144804,-0.217127,0.288720
27661,1,1,6,-0.484566,-1.086912,1.136512,-0.144804,-0.217127,-0.034087
46871,1,0,5,0.171871,-0.070520,-0.030373,-0.144804,-0.217127,-0.841104
5261,0,0,0,-0.849254,1.773358,-0.419335,-0.144804,-0.217127,-0.034087
30768,0,0,0,1.047121,-0.745123,1.525474,-0.144804,4.502471,0.772930
8685,1,0,5,-0.411629,-0.168444,-0.030373,-0.144804,-0.217127,-0.034087
34769,0,0,0,0.463621,0.059221,-0.419335,-0.144804,-0.217127,1.579946
37200,1,0,5,-1.359816,-0.210601,-0.030373,-0.144804,-0.217127,-0.034087
24509,0,0,0,-0.119879,0.039685,-0.419335,-0.144804,4.502471,0.772930
38102,0,0,0,-0.922191,-0.345588,-1.586221,-0.144804,-0.217127,-0.034087
29315,1,0,5,-1.141004,-0.556416,1.136512,-0.144804,-0.217127,-0.034087
29056,0,0,0,0.536558,-1.476002,1.136512,0.271598,-0.217127,-0.034087
1093,0,0,0,-0.338691,-0.775273,-0.419335,-0.144804,-0.217127,-0.034087
7486,1,0,5,-1.068066,-0.047216,1.136512,-0.144804,-0.217127,-0.034087
31737,0,0,0,0.974183,-0.681706,1.136512,-0.144804,-0.217127,-0.195490
16852,1,0,5,0.244808,-0.045843,-0.030373,-0.144804,-0.217127,-0.034087
5366,0,0,0,-0.995129,-0.657142,1.136512,-0.144804,-0.217127,2.386963
34504,1,0,5,0.390683,0.398936,-0.419335,-0.144804,-0.217127,0.934333
8573,0,0,0,0.463621,-0.386013,1.136512,-0.144804,-0.217127,0.772930
13451,0,0,0,0.098933,-0.973004,2.303397,-0.144804,-0.217127,0.772930
43832,0,0,0,-0.922191,1.478319,1.136512,-0.144804,-0.217127,0.208018
29345,0,0,0,-0.484566,-1.292853,-0.419335,-0.144804,-0.217127,-0.034087
38290,1,0,5,-0.265754,-0.013457,-0.419335,-0.144804,-0.217127,0.611526
48603,0,0,0,-1.578629,-0.197505,-1.586221,-0.144804,-0.217127,-1.244612
16566,0,0,0,-1.141004,-0.409696,1.136512,-0.144804,-0.217127,1.176438
30392,0,0,0,-1.432754,0.679506,-0.030373,-0.144804,-0.217127,-0.034087
40505,0,0,0,1.995308,-1.318677,-0.808297,-0.144804,-0.217127,-1.648120
47981,0,3,3,0.171871,0.201300,-0.030373,-0.144804,-0.217127,1.176438
3109,1,0,5,-1.505691,-0.099061,-0.030373,-0.144804,-0.217127,-1.648120
35964,1,0,5,-0.192816,0.337736,-0.419335,-0.144804,-0.217127,-0.034087
1487,1,0,5,-0.995129,-0.142725,-0.419335,-0.144804,-0.217127,-1.244612
14184,0,0,0,-0.119879,-0.743693,-0.030373,-0.144804,-0.217127,0.772930
16950,1,0,5,1.192996,-0.626395,-0.419335,-0.144804,-0.217127,-0.034087
9142,0,0,0,2.287058,0.880448,-0.419335,-0.144804,5.177408,-0.034087
20467,0,0,0,1.411808,-0.808037,-0.030373,-0.144804,-0.217127,-0.034087
15792,0,0,0,-0.338691,0.223118,1.136512,-0.144804,3.467733,-0.437595
39880,0,0,0,1.411808,-0.785245,-0.419335,-0.144804,-0.217127,-0.034087
7857,1,0,5,-0.630441,1.717053,1.525474,-0.144804,-0.217127,-0.034087
9010,1,0,5,-1.213941,-0.622976,-0.030373,-0.144804,-0.217127,-1.648120
37809,0,0,0,0.974183,-0.765397,1.136512,-0.144804,-0.217127,0.611526
19434,0,0,0,2.068246,0.218184,1.525474,-0.144804,-0.217127,1.176438
17431,0,0,0,-1.286879,-0.856654,-0.419335,-0.144804,-0.217127,-0.034087
3294,1,0,5,0.317746,0.292841,-0.419335,-0.144804,-0.217127,-0.034087
35474,0,0,0,1.192996,0.452297,-0.030373,-0.144804,3.514879,-0.034087
38883,0,0,0,-0.338691,-0.587229,1.525474,-0.144804,-0.217127,1.176438
9120,0,0,0,-0.703379,1.129513,-0.419335,-0.144804,-0.217127,-0.034087
25735,0,0,0,-0.630441,-0.722519,-0.419335,-0.144804,-0.217127,-0.034087
13924,0,0,0,-0.046942,-1.585364,2.303397,-0.144804,-0.217127,0.369421
32095,1,0,5,-0.849254,-0.602295,1.136512,-0.144804,-0.217127,-0.034087
10393,0,0,0,0.609496,0.088955,1.914436,-0.144804,-0.217127,-0.034087
10707,0,0,0,-0.338691,2.242048,1.136512,-0.144804,-0.217127,-0.034087
38093,1,0,5,-0.338691,-0.729905,-0.419335,-0.144804,-0.217127,-0.034087
36034,0,0,0,-0.192816,-0.596471,1.136512,-0.144804,-0.217127,-0.437595
37628,1,2,7,-0.776316,-0.218082,-0.419335,-0.144804,-0.217127,-0.034087
10533,0,0,0,-0.046942,0.025311,1.525474,-0.144804,-0.217127,-0.034087
18212,1,0,5,-1.359816,-0.960514,-0.030373,-0.144804,-0.217127,-0.034087
9362,0,0,0,-0.849254,0.797940,-0.419335,-0.144804,-0.217127,-0.034087
26934,0,0,0,-1.068066,2.490232,-0.030373,1.780064,-0.217127,0.772930
27604,0,0,0,0.536558,0.144540,-0.030373,-0.144804,-0.217127,-0.034087
33294,0,0,0,-0.484566,0.154218,-0.419335,-0.144804,-0.217127,-0.034087
35146,0,0,0,0.901246,-1.338089,-0.419335,0.271598,-0.217127,0.934333
46692,0,0,0,-0.776316,-0.568546,-0.030373,-0.144804,-0.217127,-0.034087
19907,0,0,0,-1.141004,0.888563,-0.419335,-0.144804,-0.217127,-0.034087
36495,0,3,3,0.828308,1.475204,-2.364144,-0.144804,-0.217127,-0.034087
26955,0,3,3,-0.411629,0.090015,-0.030373,-0.144804,-0.217127,-0.034087
26694,1,0,5,-1.213941,-0.520044,-1.586221,-0.144804,-0.217127,-0.034087
3242,0,0,0,-0.703379,2.054847,-0.419335,-0.144804,-0.217127,-0.034087
34511,0,1,1,0.317746,-0.693969,-0.419335,-0.144804,-0.217127,1.579946
33758,0,0,0,-1.213941,0.144606,-0.419335,-0.144804,-0.217127,-0.034087
41646,0,0,0,1.265933,0.381380,-0.419335,-0.144804,-0.217127,-0.034087
6200,0,0,0,-0.119879,2.141823,1.136512,-0.144804,-0.217127,-0.034087
30440,0,0,0,0.536558,0.025178,-0.419335,-0.144804,-0.217127,-0.034087
41306,1,0,5,-0.922191,0.233316,-0.419335,-0.144804,-0.217127,-1.648120
18908,1,0,5,1.192996,0.894207,-0.419335,-0.144804,-0.217127,-0.276192
34523,0,0,0,0.244808,-1.415805,-0.419335,-0.144804,-0.217127,1.579946
37437,1,0,5,-1.213941,-0.012918,-0.419335,-0.144804,-0.217127,-1.002507
19141,1,0,5,1.484746,-0.785169,-2.364144,-0.144804,-0.217127,4.727312
20699,0,0,0,-0.338691,-0.344102,1.136512,-0.144804,-0.217127,-0.034087
29785,1,0,5,-0.776316,0.361504,-0.419335,-0.144804,-0.217127,-0.034087
12363,0,0,0,-0.119879,0.565589,0.358588,-0.144804,-0.217127,-0.034087
6268,0,0,0,-1.286879,0.365434,-0.030373,-0.144804,-0.217127,-0.841104
28855,1,0,5,-1.286879,-0.183633,-0.030373,-0.144804,-0.217127,-1.244612
9493,0,0,0,0.974183,0.006334,-0.030373,-0.144804,-0.217127,-0.034087
19239,0,0,0,-1.359816,-0.297891,-0.030373,-0.144804,-0.217127,-0.841104
9929,1,0,5,-1.213941,1.982481,-0.030373,-0.144804,-0.217127,1.176438
48783,1,0,5,-1.432754,-0.312928,-0.419335,-0.144804,3.758055,-1.648120
41886,0,0,0,-0.703379,0.516859,1.136512,1.011137,-0.217127,0.772930
23362,0,0,0,-1.359816,1.107686,-0.030373,-0.144804,-0.217127,-1.648120
24624,1,0,5,0.098933,-0.959217,-0.030373,-0.022151,-0.217127,-0.034087
26269,0,0,0,0.317746,0.088074,-0.030373,-0.144804,-0.217127,-0.195490
47255,0,0,0,-1.068066,-0.358381,-0.419335,-0.144804,-0.217127,-0.437595
27146,1,0,5,-0.849254,-1.135453,-0.030373,-0.144804,-0.217127,1.579946
42314,1,0,5,-1.359816,2.320445,-0.030373,-0.144804,-0.217127,-1.648120
31224,1,0,5,0.828308,-0.738276,1.525474,-0.144804,-0.217127,0.772930
8672,1,0,5,1.630621,0.024364,-1.586221,-0.144804,-0.217127,-0.034087
21826,0,0,0,0.901246,0.075678,-0.030373,-0.144804,-0.217127,0.369421
18182,1,0,5,0.755371,-0.694357,-0.419335,-0.144804,1.403219,1.579946
12853,0,0,0,-0.119879,-0.392017,1.914436,-0.144804,-0.217127,-2.777944
42084,0,3,3,1.484746,0.046484,-0.808297,-0.144804,-0.217127,-0.034087
18886,0,0,0,1.120058,-0.480291,-0.419335,-0.144804,-0.217127,0.288720
7019,0,0,0,0.609496,2.653741,0.747550,-0.144804,4.100486,-0.034087
44284,0,0,0,-0.265754,-0.241197,-0.030373,-0.144804,-0.217127,-0.034087
30808,1,0,5,-0.703379,0.378700,-0.419335,-0.144804,-0.217127,0.772930
38652,0,0,0,0.098933,-0.361355,-0.030373,-0.144804,-0.217127,1.579946
40357,0,0,0,0.025996,0.126946,-0.030373,-0.144804,-0.217127,-0.034087
8211,0,0,0,2.505871,1.056276,-3.142068,-0.144804,4.088079,-1.648120
14143,0,0,0,-0.776316,0.008152,1.136512,-0.144804,-0.217127,0.450123
16657,0,0,0,-0.338691,1.226300,2.303397,-0.144804,-0.217127,0.772930
48369,0,0,0,1.338871,0.548847,1.525474,-0.144804,-0.217127,-0.034087
39723,0,4,4,0.609496,-1.321669,1.136512,-0.144804,2.606691,-0.034087
38563,1,3,8,2.068246,-0.218490,-0.419335,0.103185,-0.217127,4.727312
41822,0,0,0,-0.046942,-1.275638,1.136512,-0.144804,-0.217127,1.579946
46355,1,0,5,0.098933,0.180742,1.136512,-0.144804,-0.217127,-0.034087
22257,0,0,0,0.828308,-0.165612,1.914436,-0.144804,-0.217127,0.772930
2978,0,0,0,-0.703379,0.008502,-0.419335,-0.144804,-0.217127,1.257140
14635,0,0,0,-0.849254,0.861282,1.525474,-0.144804,-0.217127,-0.034087
44823,0,0,0,-0.630441,-0.870630,-0.419335,-0.144804,-0.217127,-0.437595
8592,1,0,5,-0.119879,-0.037121,-0.419335,-0.144804,-0.217127,-1.648120
17464,0,0,0,2.287058,-0.013296,-0.419335,-0.144804,-0.217127,-1.970927
11380,1,0,5,-1.068066,-0.821209,-0.030373,-0.144804,-0.217127,0.772930
14666,1,0,5,-1.286879,1.528555,-0.419335,-0.144804,-0.217127,-0.034087
27891,0,0,0,0.828308,-0.111144,-0.419335,-0.144804,-0.217127,-0.034087
48619,0,0,0,0.974183,-0.032576,-0.419335,-0.144804,-0.217127,-0.034087
39983,0,0,0,-1.505691,2.062176,-0.419335,-0.144804,-0.217127,-0.841104
22253,0,0,0,-1.578629,1.527712,-0.808297,-0.144804,-0.217127,-1.970927
12401,0,0,0,-0.922191,-0.506029,-0.419335,-0.144804,-0.217127,-0.034087
42339,0,0,0,-0.922191,-0.110917,-0.030373,-0.144804,-0.217127,-0.679700
20413,1,0,5,0.390683,-1.149079,1.525474,-0.144804,-0.217127,1.176438
13315,1,4,9,-0.922191,-0.348562,-0.419335,-0.144804,-0.217127,-0.034087
544,0,0,0,-0.849254,0.115602,-0.030373,-0.144804,-0.217127,0.772930
13958,1,0,5,-1.432754,-0.862278,-0.030373,-0.144804,-0.217127,-1.648120
27678,0,0,0,0.974183,-0.346583,-0.030373,-0.144804,-0.217127,-0.034087
5112,0,0,0,0.025996,0.339762,1.525474,-0.144804,-0.217127,-0.034087
46082,0,0,0,-0.776316,0.363729,-0.030373,-0.144804,-0.217127,-0.034087
46256,0,2,2,-0.338691,2.795820,-0.419335,-0.144804,-0.217127,-0.034087
10147,0,0,0,0.317746,0.366049,-0.419335,-0.144804,-0.217127,-0.034087
24792,0,0,0,-0.630441,0.506623,-0.419335,-0.144804,-0.217127,-0.034087
3456,1,0,5,-1.213941,-0.724309,-0.030373,-0.144804,-0.217127,-1.648120
20334,1,0,5,-0.849254,-0.103739,1.525474,-0.144804,-0.217127,-0.034087
37190,0,0,0,-0.776316,0.133707,-3.531030,-0.144804,-0.217127,-0.195490
31682,0,0,0,0.974183,-0.180886,-0.808297,-0.144804,-0.217127,-0.034087
37281,0,0,0,-0.265754,-0.018495,-0.419335,-0.144804,-0.217127,-0.034087
21068,1,3,8,-0.192816,-1.348013,-0.030373,-0.144804,-0.217127,-0.034087
9455,0,0,0,-1.141004,0.806160,-0.419335,-0.144804,-0.217127,-1.244612
38942,0,0,0,-0.557504,0.058965,-0.419335,-0.144804,-0.217127,-0.034087
16722,1,0,5,-1.068066,1.768216,0.358588,-0.144804,-0.217127,-0.034087
29211,1,0,5,1.047121,-0.240184,1.136512,-0.144804,-0.217127,-0.195490
33618,0,0,0,-0.484566,0.547493,0.747550,-0.144804,-0.217127,0.611526
10313,0,0,0,1.849433,-0.150660,-0.419335,-0.144804,-0.217127,-0.034087
9069,1,3,8,-0.338691,-1.214295,-0.808297,-0.144804,-0.217127,-0.034087
19655,0,0,0,-0.484566,0.170486,1.136512,-0.144804,5.847383,0.772930
25747,0,0,0,-1.141004,-0.152734,-0.419335,-0.144804,-0.217127,-0.034087
7108,1,0,5,0.682433,-0.766694,-0.419335,-0.144804,-0.217127,-0.034087
7273,1,0,5,-0.849254,0.530259,-0.419335,-0.144804,-0.217127,-0.034087
32071,0,0,0,-0.119879,-0.088275,1.136512,-0.144804,-0.217127,0.369421
41909,0,0,0,-0.776316,0.214216,1.136512,-0.144804,-0.217127,-0.034087
43633,0,0,0,-0.703379,0.885987,1.136512,-0.144804,-0.217127,-0.034087
30162,0,0,0,1.120058,-0.490982,-0.808297,0.405523,-0.217127,-0.034087
23681,0,0,0,1.265933,0.136217,-0.030373,-0.144804,4.368476,0.772930
43990,0,0,0,0.974183,-1.113872,0.358588,-0.144804,-0.217127,-1.244612
46891,0,0,0,-1.141004,-0.633194,-0.419335,-0.144804,-0.217127,-0.034087
3795,0,0,0,1.047121,-0.494647,-2.364144,-0.144804,-0.217127,1.579946
38247,1,3,8,0.755371,-0.363599,0.358588,-0.144804,-0.217127,-0.034087
10297,1,0,5,-0.119879,-0.126617,-0.030373,-0.144804,-0.217127,-0.841104
22544,0,0,0,1.703558,0.151311,1.914436,-0.144804,-0.217127,0.369421
42458,0,0,0,-1.578629,-0.856294,-1.197259,-0.144804,-0.217127,-0.841104
41787,0,0,0,0.171871,0.286023,-0.030373,-0.144804,-0.217127,-0.034087
10023,0,0,0,0.755371,-0.797470,1.136512,-0.144804,-0.217127,-1.244612
13485,0,0,0,-0.557504,0.242729,-0.419335,-0.144804,-0.217127,0.369421
39751,0,0,0,0.171871,-1.259559,-0.419335,-0.144804,-0.217127,0.369421
7174,1,0,5,-0.776316,-0.778891,1.136512,-0.144804,-0.217127,-0.437595
33460,0,0,0,3.745808,-0.384413,0.747550,-0.144804,4.311404,0.772930
12536,0,0,0,-0.265754,-1.364139,-0.030373,-0.144804,-0.217127,-0.034087
15627,0,0,0,1.703558,-0.213688,1.136512,-0.144804,-0.217127,-0.034087
14877,0,4,4,1.557683,0.322262,-3.142068,-0.144804,-0.217127,-0.195490
21271,0,0,0,0.828308,-0.780273,-0.419335,-0.144804,-0.217127,0.772930
33877,0,0,0,-1.286879,-0.713731,-1.197259,-0.144804,-0.217127,-0.034087
1878,0,0,0,-1.141004,-1.578537,1.136512,-0.144804,-0.217127,-0.437595
28604,0,0,0,0.974183,-1.510811,-0.030373,0.276161,-0.217127,0.127316
23864,1,0,5,0.901246,1.177456,-0.419335,-0.144804,-0.217127,-0.034087
24128,0,0,0,0.463621,0.499294,1.136512,-0.144804,-0.217127,1.579946
30153,1,0,5,-0.630441,0.347830,-0.419335,-0.144804,-0.217127,-0.841104
48777,1,1,6,-1.505691,-0.980220,-0.419335,-0.144804,-0.217127,-2.051629
24798,0,0,0,-0.192816,-0.568859,-0.419335,-0.144804,-0.217127,-0.034087
19892,1,0,5,0.536558,1.132050,-0.419335,-0.144804,-0.217127,-1.244612
22024,0,3,3,0.171871,-0.445870,1.136512,-0.144804,-0.217127,0.772930
3480,0,0,0,1.484746,-0.409772,0.358588,0.834538,-0.217127,-0.034087
46107,1,4,9,-0.776316,-0.915156,-2.753106,-0.144804,-0.217127,-0.034087
15408,0,0,0,0.901246,1.410528,1.525474,1.871315,-0.217127,1.579946
35333,1,0,5,0.171871,-0.176710,-2.364144,-0.144804,-0.217127,-0.841104
1545,0,0,0,-0.849254,-0.204134,1.136512,-0.144804,-0.217127,-0.034087
28673,1,0,5,-1.068066,-0.143965,0.747550,-0.144804,-0.217127,-1.486717
44281,1,1,6,0.682433,0.375594,-0.808297,-0.144804,-0.217127,-0.034087
33451,0,0,0,0.244808,-1.159259,-3.142068,-0.144804,-0.217127,1.176438
32876,0,0,0,0.901246,-1.385474,-0.030373,-0.144804,-0.217127,0.127316
15991,0,0,0,-0.776316,0.027687,-0.419335,-0.144804,-0.217127,-0.034087
3156,0,0,0,-0.411629,-0.903660,1.914436,-0.144804,-0.217127,0.127316
45068,1,0,5,-0.630441,1.188782,-2.364144,-0.144804,-0.217127,-0.841104
41506,0,0,0,0.025996,-0.953488,-0.030373,-0.144804,-0.217127,3.516787
40889,1,0,5,-1.286879,0.337556,-0.419335,-0.144804,-0.217127,-0.034087
18361,0,0,0,-1.068066,-0.470282,-0.419335,-0.144804,-0.217127,-0.437595
31667,1,0,5,0.463621,-0.317672,0.358588,-0.144804,-0.217127,-0.679700
9411,0,0,0,-1.141004,0.692025,-0.030373,-0.144804,-0.217127,-0.034087
45542,0,0,0,-0.119879,1.551906,1.525474,1.871315,-0.217127,1.579946
35462,1,0,5,0.390683,1.417402,1.525474,1.266909,-0.217127,1.579946
34395,0,0,0,3.235246,-1.514751,-2.364144,-0.144804,-0.217127,-1.648120
30825,0,0,0,-1.286879,0.399628,0.358588,-0.144804,-0.217127,-0.034087
4552,0,3,3,0.901246,-1.270392,-0.419335,-0.144804,-0.217127,-0.034087
476,0,0,0,-1.578629,0.210277,-1.975183,-0.144804,-0.217127,-2.777944
7473,1,3,8,-0.265754,0.320539,1.136512,-0.144804,-0.217127,-0.034087
21899,1,0,5,2.068246,-0.799676,-0.030373,-0.144804,-0.217127,-1.244612
2555,0,0,0,-0.995129,-1.198850,-0.030373,-0.144804,-0.217127,1.579946
11621,0,3,3,1.411808,1.496434,-1.197259,-0.144804,-0.217127,-2.051629
10185,0,0,0,0.682433,-0.237514,-0.030373,0.834538,-0.217127,1.579946
40766,1,0,5,-0.557504,-0.655314,-0.030373,-0.144804,-0.217127,0.772930
18157,0,0,0,1.922371,-0.159552,-0.030373,-0.144804,-0.217127,-0.034087
13744,1,0,5,-0.995129,-0.805377,-1.197259,-0.144804,-0.217127,-0.034087
6833,0,0,0,-0.776316,0.185041,1.525474,-0.144804,-0.217127,0.369421
24854,1,0,5,-0.849254,-0.167184,1.136512,-0.144804,-0.217127,-0.034087
4305,0,0,0,0.390683,-0.740331,-0.419335,-0.144804,3.514879,0.772930
45998,1,0,5,-1.286879,-0.916320,-0.419335,-0.144804,-0.217127,-0.034087
6336,1,0,5,0.244808,-0.685939,1.525474,-0.144804,-0.217127,0.369421
23248,0,0,0,2.068246,0.444712,1.136512,-0.144804,-0.217127,-3.100750
48554,1,0,5,-1.578629,-0.519835,-1.197259,-0.144804,-0.217127,-1.648120
28420,1,0,5,-0.557504,1.069685,-0.030373,-0.144804,-0.217127,-0.034087
44634,0,0,0,-0.630441,-0.905497,1.136512,0.301389,-0.217127,-0.437595
27626,0,0,0,0.682433,-0.086476,0.358588,-0.144804,-0.217127,-0.034087
9684,1,0,5,1.557683,-0.719735,-0.030373,-0.144804,-0.217127,-0.437595
14326,0,3,3,0.682433,0.551413,1.136512,-0.144804,-0.217127,-0.034087
10387,0,0,0,0.244808,-1.063333,-0.030373,-0.144804,-0.217127,-0.195490
45171,0,0,0,-0.046942,-0.260411,-1.197259,-0.144804,-0.217127,-0.034087
4534,1,0,5,-1.359816,-0.144628,-0.419335,-0.144804,-0.217127,-0.034087
24953,0,0,0,-0.630441,0.063236,-0.030373,-0.144804,-0.217127,-1.244612
401,1,0,5,-0.776316,-0.767878,-0.030373,-0.144804,-0.217127,-0.034087
19830,0,0,0,0.244808,0.422459,-0.419335,-0.144804,-0.217127,-0.437595
5697,0,0,0,0.901246,1.052545,1.136512,-0.144804,-0.217127,-1.648120
3656,0,0,0,0.317746,0.531973,-0.419335,-0.144804,-0.217127,0.288720
47874,1,3,8,-0.849254,-0.278147,-0.030373,-0.144804,-0.217127,-0.034087
44283,0,3,3,0.317746,2.198867,1.136512,0.774286,-0.217127,0.772930
15491,1,0,5,-1.432754,0.059855,-0.419335,-0.144804,-0.217127,-0.034087
15335,0,0,0,0.974183,-0.406742,1.136512,-0.144804,-0.217127,0.772930
44326,0,0,0,0.536558,2.761229,1.136512,-0.144804,-0.217127,0.369421
25032,0,3,3,-0.630441,0.231043,-0.030373,-0.144804,-0.217127,2.548367
42813,1,0,5,-0.995129,-1.111429,-0.419335,-0.144804,-0.217127,-0.034087
7395,0,0,0,0.828308,-1.450567,-1.586221,-0.144804,-0.217127,0.369421
19471,0,0,0,-1.213941,-0.500906,-0.419335,-0.144804,-0.217127,-0.841104
45306,0,0,0,0.609496,-0.133179,-0.030373,-0.144804,-0.217127,-0.034087
1730,0,0,0,-1.068066,-0.090946,1.525474,0.774286,-0.217127,4.000997
18323,1,0,5,0.755371,-0.065454,2.303397,-0.144804,-0.217127,-0.437595
25508,0,0,0,-0.338691,-0.306574,-0.030373,-0.144804,-0.217127,-0.034087
25092,1,0,5,-0.557504,-1.192771,1.136512,-0.144804,-0.217127,-0.034087
30599,1,0,5,-1.286879,-0.300855,-0.419335,-0.144804,-0.217127,-0.034087
25197,0,0,0,0.463621,-0.670200,0.358588,-0.144804,-0.217127,-0.034087
45534,1,0,5,-1.286879,1.797875,-0.030373,0.447794,-0.217127,-1.325314
38617,1,0,5,-1.286879,2.456720,-0.419335,-0.144804,-0.217127,-0.034087
22993,0,0,0,-0.630441,0.547143,-0.030373,-0.144804,-0.217127,-0.034087
47269,0,0,0,0.025996,-0.537723,2.303397,-0.144804,-0.217127,0.127316
7884,0,0,0,0.317746,0.105782,-0.419335,-0.144804,-0.217127,-0.034087
15278,0,0,0,0.390683,-1.088835,-0.030373,0.550049,-0.217127,0.772930
23795,1,0,5,-0.557504,-0.479761,-0.419335,-0.144804,-0.217127,-1.244612
4401,1,0,5,0.682433,-1.499959,-0.030373,0.550049,-0.217127,-0.034087
21117,1,3,8,-1.505691,2.488452,-1.586221,-0.144804,-0.217127,-1.648120
41292,0,0,0,1.265933,-1.295817,-0.030373,-0.144804,-0.217127,2.386963
1541,0,0,0,1.703558,-0.259644,1.914436,-0.144804,3.822571,2.386963
46765,0,0,0,0.171871,-0.790746,-0.419335,1.780064,-0.217127,0.611526
44620,0,0,0,0.536558,0.489436,-0.030373,1.011137,-0.217127,0.772930
5354,1,3,8,0.755371,-0.708949,1.136512,-0.144804,-0.217127,-0.034087
4319,0,0,0,0.463621,2.459116,-0.030373,-0.144804,-0.217127,-0.034087
32234,0,0,0,0.171871,0.156008,-0.419335,-0.144804,-0.217127,-0.034087
44654,1,0,5,-0.849254,-1.559390,0.358588,-0.144804,3.663762,2.548367
24492,1,0,5,-0.557504,0.032839,1.136512,-0.144804,-0.217127,0.127316
18479,0,0,0,0.098933,-0.698202,1.136512,-0.144804,-0.217127,1.579946
15090,0,0,0,0.755371,1.184710,0.358588,-0.144804,-0.217127,-0.034087
8192,1,0,5,0.463621,-0.271793,-0.030373,-0.144804,-0.217127,-0.437595
18678,0,0,0,2.287058,-0.617550,1.525474,-0.144804,5.356068,-2.616540
47927,0,0,0,-0.265754,-0.741335,1.136512,-0.144804,-0.217127,0.772930
18485,0,0,0,1.265933,0.655463,-0.030373,-0.144804,-0.217127,-0.034087
41398,0,0,0,2.797621,-0.346119,1.914436,0.050448,-0.217127,-1.244612
17474,0,4,4,-1.578629,-0.203225,-2.364144,-0.144804,-0.217127,-0.034087
28071,1,0,5,-1.505691,-0.916642,-0.808297,-0.144804,-0.217127,-1.648120
37818,0,0,0,0.609496,0.183639,-0.030373,-0.144804,-0.217127,-0.034087
40922,1,0,5,-1.359816,-0.680617,-0.030373,-0.144804,-0.217127,-2.455137
13445,1,0,5,0.390683,-0.480083,-0.419335,-0.144804,-0.217127,-0.195490
33646,1,0,5,0.682433,-0.877714,-0.419335,-0.144804,-0.217127,0.369421
38802,0,0,0,0.609496,-0.714394,0.747550,-0.144804,-0.217127,1.176438
33747,1,0,5,0.390683,-0.163822,-3.142068,0.379623,-0.217127,1.579946
15342,0,0,0,-0.557504,3.027376,-2.753106,-0.144804,-0.217127,0.369421
39493,0,0,0,-1.578629,1.570930,-0.808297,-0.144804,-0.217127,-1.809524
6038,0,1,1,0.317746,-0.613100,-0.419335,-0.144804,-0.217127,1.579946
47415,0,0,0,1.120058,-0.405577,-0.030373,-0.144804,-0.217127,-0.034087
27655,0,0,0,0.171871,-0.785822,1.525474,3.589525,-0.217127,0.772930
3806,0,0,0,-0.484566,-0.739536,1.914436,-0.144804,-0.217127,-0.034087
19694,1,0,5,0.463621,-1.306025,1.136512,-0.144804,-0.217127,0.127316
11912,0,0,0,0.463621,0.059514,-0.419335,-0.144804,-0.217127,-0.034087
46337,1,3,8,-1.068066,5.258043,-0.419335,-0.144804,-0.217127,-0.034087
18623,1,0,5,-0.265754,-0.590496,0.358588,1.780064,-0.217127,-0.034087
37882,0,0,0,-0.265754,0.010368,1.525474,-0.144804,-0.217127,-0.034087
11395,0,0,0,0.536558,-0.066051,-0.030373,-0.144804,-0.217127,-0.034087
22192,0,0,0,-1.505691,0.285758,-1.197259,-0.144804,-0.217127,-2.293734
13644,0,3,3,0.609496,0.021712,1.136512,-0.144804,-0.217127,-0.034087
17505,0,0,0,2.870558,-0.929237,1.136512,-0.144804,-0.217127,-3.020049
2205,1,3,8,0.609496,0.208364,-0.419335,-0.144804,-0.217127,-0.034087
39407,0,3,3,2.724683,0.325690,-1.586221,-0.144804,-0.217127,-1.648120
23844,0,0,0,0.828308,-0.582570,1.136512,-0.144804,4.465250,0.772930
11805,0,0,0,-1.068066,-0.846029,-0.030373,-0.144804,-0.217127,0.611526
41852,0,0,0,1.265933,-0.190375,-0.419335,-0.144804,-0.217127,-0.034087
45368,0,0,0,-0.849254,-0.880147,-0.419335,-0.144804,-0.217127,-0.114789
30748,1,0,5,-0.776316,-0.666432,1.136512,1.871315,-0.217127,-1.002507
46585,1,0,5,1.557683,-0.034697,-1.586221,-0.144804,-0.217127,-0.034087
15643,1,1,6,2.432933,-1.077377,-0.030373,-0.144804,-0.217127,-2.939347
1089,0,0,0,-0.046942,2.108198,-0.419335,-0.144804,-0.217127,-1.002507
6743,0,0,0,0.025996,-1.494429,-0.030373,0.234829,-0.217127,4.000997
19255,0,0,0,-1.213941,-0.682236,1.136512,-0.144804,-0.217127,-1.244612
46238,0,4,4,0.098933,1.052753,-3.142068,-0.144804,-0.217127,-0.034087
15285,0,0,0,1.192996,0.776928,-0.030373,-0.144804,-0.217127,0.369421
38177,0,0,0,1.484746,5.315267,-0.419335,-0.144804,-0.217127,-0.034087
44874,0,0,0,2.068246,1.523261,-0.030373,-0.144804,-0.217127,-2.051629
34538,1,2,7,-1.359816,-1.566151,-0.419335,-0.144804,-0.217127,-0.437595
41572,1,0,5,-0.849254,-0.945534,1.136512,-0.144804,-0.217127,-0.034087
31099,0,0,0,-0.119879,-0.681621,-0.419335,-0.144804,-0.217127,-0.034087
20049,0,0,0,1.411808,-0.147952,-0.030373,-0.144804,-0.217127,-0.034087
2414,0,0,0,0.390683,1.293220,1.136512,-0.144804,6.102965,0.772930
37811,0,0,0,0.682433,0.141709,2.303397,1.871315,-0.217127,0.369421
3978,0,0,0,0.828308,1.862949,1.136512,-0.144804,-0.217127,1.579946
12931,0,1,1,0.463621,1.522456,-0.419335,-0.144804,-0.217127,-0.034087
45979,1,0,5,-1.359816,0.153697,-0.030373,-0.144804,-0.217127,-2.455137
28114,1,0,5,-1.359816,0.102136,-2.364144,-0.144804,-0.217127,0.934333
14531,0,1,1,0.536558,-0.485726,-2.364144,-0.144804,3.879643,-0.034087
43594,1,0,5,0.755371,0.020424,-0.030373,-0.144804,-0.217127,-0.679700
38908,0,0,0,-1.141004,-0.680825,-0.419335,-0.144804,-0.217127,-0.356894
23159,1,0,5,1.484746,-1.483956,0.358588,-0.144804,-0.217127,-0.356894
9200,0,0,0,1.557683,-0.585771,-2.364144,-0.144804,-0.217127,-0.034087
28612,1,3,8,-0.119879,0.442174,-0.030373,-0.144804,-0.217127,-0.276192
20988,0,0,0,0.828308,-0.579398,-0.419335,-0.144804,-0.217127,2.386963
77,0,0,0,2.068246,0.218695,-1.586221,-0.144804,-0.217127,-3.100750
29579,0,3,3,-0.922191,1.759751,-1.586221,-0.144804,-0.217127,-1.648120
22783,0,3,3,0.828308,0.045925,1.525474,-0.144804,-0.217127,0.772930
44907,1,3,8,-0.703379,-0.672956,-0.419335,-0.144804,-0.217127,-0.034087
33476,1,0,5,-0.557504,-0.031203,-1.975183,-0.144804,-0.217127,-0.034087
16802,1,0,5,-0.922191,0.302661,1.136512,-0.144804,-0.217127,-0.034087
18551,0,0,0,0.390683,-0.587788,1.136512,-0.144804,-0.217127,-0.034087
21617,1,0,5,-1.286879,-0.066761,-0.030373,-0.144804,-0.217127,-0.034087
4516,1,0,5,-1.432754,-0.046449,-0.419335,-0.144804,-0.217127,-1.163910
4058,0,0,0,0.536558,0.004269,0.747550,-0.144804,-0.217127,-0.034087
11694,0,0,0,-0.922191,-0.825622,1.136512,-0.144804,-0.217127,-0.034087
12141,0,0,0,0.536558,-0.658439,1.914436,13.274382,-0.217127,1.579946
39938,1,0,5,2.505871,-0.542732,-2.364144,-0.144804,-0.217127,-1.809524
15344,1,0,5,-1.505691,1.759902,-1.197259,-0.144804,-0.217127,-1.648120
11549,0,0,0,-1.359816,0.066086,-0.030373,-0.144804,-0.217127,-1.648120
10548,0,0,0,-0.630441,0.049590,1.914436,-0.144804,-0.217127,1.176438
34630,1,3,8,-0.995129,0.307045,-0.419335,-0.144804,-0.217127,-0.034087
9933,1,0,5,-0.995129,-0.014632,-0.419335,-0.144804,-0.217127,-0.034087
47309,0,0,0,-0.630441,-0.794629,1.136512,-0.144804,-0.217127,0.772930
13806,0,0,0,-0.046942,-0.017207,0.358588,-0.144804,-0.217127,0.772930
47474,0,0,0,-0.776316,-0.058153,-0.419335,-0.144804,-0.217127,-0.437595
3000,0,0,0,-0.557504,0.665387,-2.364144,-0.144804,-0.217127,-0.034087
8645,0,0,0,-0.338691,0.947576,-1.197259,-0.144804,-0.217127,-0.034087
8092,1,0,5,0.828308,0.143688,-0.419335,-0.144804,-0.217127,-0.195490
14918,0,0,0,1.922371,0.136150,-0.419335,-0.144804,-0.217127,-1.648120
29394,0,3,3,-0.703379,0.433026,-0.419335,-0.144804,-0.217127,-0.034087
31413,0,0,0,-0.630441,-0.434629,-0.419335,-0.144804,-0.217127,-0.841104
27168,0,0,0,1.265933,0.072961,-2.364144,-0.144804,-0.217127,-0.034087
11021,0,0,0,0.974183,-0.883547,2.303397,-0.144804,-0.217127,1.337841
37440,0,0,0,-0.484566,-0.601225,-0.419335,-0.144804,-0.217127,-0.034087
29835,1,0,5,-0.922191,-0.069431,0.358588,-0.144804,-0.217127,-0.034087
16527,0,0,0,0.536558,1.291478,-0.030373,-0.144804,-0.217127,-0.034087
23936,0,0,0,-1.432754,0.260692,-1.586221,-0.144804,-0.217127,-0.841104
8576,1,0,5,0.390683,-0.830603,1.914436,-0.144804,-0.217127,-0.034087
21816,1,3,8,0.025996,-0.057235,-0.030373,-0.144804,-0.217127,-0.034087
6775,0,0,0,-0.338691,0.466349,-0.419335,-0.144804,-0.217127,-0.034087
17400,0,0,0,0.901246,2.386040,-0.419335,-0.144804,-0.217127,-0.034087
45866,0,1,1,0.025996,0.752857,1.136512,-0.144804,-0.217127,0.369421
17418,0,0,0,-0.265754,0.333560,1.136512,-0.144804,-0.217127,-0.034087
24702,1,0,5,-1.213941,-0.684651,-0.030373,-0.144804,-0.217127,-0.437595
40576,0,0,0,0.609496,-1.227969,-0.419335,-0.144804,4.750610,0.127316
17163,0,1,1,0.974183,-1.088532,-0.419335,-0.144804,-0.217127,-0.034087
33541,0,0,0,1.995308,-0.060748,1.136512,-0.144804,-0.217127,-1.648120
13604,0,0,0,0.025996,0.027934,-0.419335,-0.144804,-0.217127,1.257140
48481,0,0,0,-0.849254,0.996818,-0.419335,-0.144804,-0.217127,-0.034087
34070,1,0,5,-0.484566,-0.576074,-0.419335,-0.144804,-0.217127,-0.034087
15606,0,0,0,-0.630441,0.617794,-0.419335,-0.144804,-0.217127,-0.034087
37501,1,3,8,-0.703379,-0.649832,0.358588,-0.144804,-0.217127,-0.034087
36414,1,0,5,-0.776316,0.055906,-0.030373,-0.144804,-0.217127,-2.051629
17962,0,0,0,1.047121,0.400130,-0.419335,-0.144804,-0.217127,0.369421
29035,0,0,0,0.463621,-0.040407,0.747550,-0.144804,-0.217127,-0.034087
46690,0,0,0,-0.484566,0.231867,-0.419335,-0.144804,-0.217127,0.772930
31830,0,1,1,-0.411629,-1.111012,1.914436,-0.144804,-0.217127,1.983455
34667,0,1,1,-0.411629,0.171007,1.525474,-0.144804,-0.217127,-0.034087
7234,1,3,8,1.411808,-0.498870,-0.419335,-0.144804,-0.217127,-0.034087
20483,1,0,5,2.943496,-0.411164,2.303397,-0.144804,-0.217127,-0.034087
8361,0,0,0,0.609496,-0.794345,1.136512,-0.144804,-0.217127,-0.034087
27395,0,3,3,-0.192816,1.895647,-0.419335,-0.144804,-0.217127,0.772930
43749,0,0,0,-0.995129,-0.657142,-0.030373,-0.144804,-0.217127,0.772930
13453,1,0,5,-0.995129,-0.161768,1.136512,-0.144804,-0.217127,-0.034087
36873,0,1,1,-1.213941,-0.890289,-1.197259,-0.144804,-0.217127,-0.034087
17422,0,0,0,-0.119879,-1.314614,1.525474,-0.144804,-0.217127,0.369421
574,1,0,5,-0.849254,-0.298364,2.303397,-0.144804,-0.217127,2.386963
6315,1,0,5,1.120058,-1.377728,-0.419335,-0.144804,-0.217127,-0.195490
20925,1,0,5,-1.578629,-1.222524,-1.975183,-0.144804,-0.217127,-1.648120
16627,0,0,0,-0.119879,0.715907,1.914436,-0.144804,-0.217127,-0.034087
24783,1,3,8,-0.776316,0.221744,-1.197259,-0.144804,-0.217127,-0.034087
37564,1,0,5,0.317746,1.447364,1.136512,-0.144804,-0.217127,1.579946
33698,0,0,0,-1.068066,0.279120,1.136512,-0.144804,-0.217127,-0.034087
5056,0,0,0,-0.922191,1.335482,-0.030373,-0.144804,-0.217127,-0.034087
45828,0,0,0,-0.338691,-0.709953,2.303397,-0.144804,-0.217127,0.772930
43676,1,0,5,-0.192816,0.811283,1.136512,-0.144804,-0.217127,-0.034087
3035,0,0,0,1.630621,0.182333,1.525474,-0.144804,-0.217127,1.579946
37867,0,0,0,-0.776316,1.030709,0.747550,-0.144804,-0.217127,-0.034087
38572,1,0,5,0.025996,-0.693041,0.358588,-0.144804,-0.217127,-0.034087
41231,0,0,0,-1.213941,1.376883,1.136512,-0.144804,-0.217127,-1.648120
6204,0,0,0,0.755371,-1.209996,-1.197259,-0.144804,-0.217127,-0.034087
3599,0,0,0,0.098933,-0.870962,-0.030373,-0.144804,-0.217127,0.611526
1668,0,0,0,0.974183,-0.902183,-0.419335,-0.144804,-0.217127,-0.034087
18571,0,0,0,1.047121,-0.947674,-0.030373,0.834538,-0.217127,0.369421
38088,1,0,5,-1.141004,0.125526,0.358588,-0.144804,-0.217127,-0.034087
24215,0,0,0,1.411808,1.231678,-0.419335,-0.144804,-0.217127,2.386963
24736,0,0,0,-1.578629,0.824351,-0.419335,-0.144804,-0.217127,-1.648120
22115,1,0,5,0.317746,-0.274520,-0.419335,-0.144804,-0.217127,-0.034087
31971,0,0,0,-0.119879,1.407687,1.525474,-0.144804,-0.217127,1.579946
48580,0,0,0,-0.192816,-0.007350,-0.808297,-0.144804,-0.217127,-0.034087
36382,0,0,0,-0.776316,-0.828785,-0.030373,-0.144804,-0.217127,-0.034087
24117,0,0,0,-0.776316,0.878052,-0.419335,-0.144804,-0.217127,1.579946
7834,0,0,0,0.171871,-0.692889,-0.419335,1.673514,-0.217127,0.288720
25928,1,0,5,-0.776316,1.079609,-0.419335,0.271598,-0.217127,-1.648120
6331,1,0,5,0.025996,0.165913,-0.030373,-0.144804,-0.217127,-0.437595
10558,0,3,3,0.171871,-0.615751,-0.030373,-0.144804,-0.217127,-0.034087
20844,0,0,0,0.828308,-0.769090,-0.030373,-0.144804,-0.217127,-0.034087
23105,0,0,0,1.338871,-0.185583,0.358588,-0.144804,-0.217127,-0.034087
7294,0,0,0,1.047121,-0.457148,-0.419335,-0.144804,-0.217127,-0.034087
21440,0,0,0,-0.557504,-0.528424,0.747550,-0.144804,-0.217127,-0.034087
48692,0,0,0,-0.849254,-0.507440,-0.419335,-0.144804,-0.217127,0.611526
23814,0,0,0,0.171871,-0.418768,0.358588,-0.144804,-0.217127,-0.034087
36990,0,0,0,-0.776316,1.350198,-0.030373,-0.144804,-0.217127,-1.244612
12368,0,0,0,-1.068066,-0.768626,-0.030373,-0.144804,-0.217127,-0.034087
16051,1,0,5,1.120058,0.305397,1.914436,-0.144804,-0.217127,1.983455
8334,1,3,8,1.630621,-0.339708,-0.419335,-0.144804,-0.217127,-0.034087
35173,0,0,0,-0.849254,0.649289,-0.419335,-0.144804,-0.217127,-0.437595
34885,0,0,0,-0.192816,-0.026942,0.747550,-0.144804,-0.217127,-0.034087
34648,0,0,0,0.025996,0.002442,-0.419335,-0.144804,-0.217127,1.579946
15142,0,0,0,-0.557504,0.110109,-0.419335,-0.144804,-0.217127,-0.034087
47294,0,0,0,-0.265754,-0.537723,-0.030373,-0.144804,-0.217127,-0.034087
47379,0,0,0,0.244808,-0.623336,1.136512,-0.144804,-0.217127,1.579946
26502,0,0,0,0.974183,-0.246074,-0.419335,-0.144804,-0.217127,1.176438
21510,0,0,0,0.755371,-1.243385,-0.030373,1.871315,-0.217127,0.772930
45647,1,0,5,0.828308,-0.296508,1.525474,-0.144804,-0.217127,-1.244612
5783,1,0,5,-0.922191,-0.194721,-0.030373,-0.144804,-0.217127,-0.034087
37570,0,0,0,1.265933,-1.160111,2.303397,-0.144804,-0.217127,1.579946
36731,0,0,0,0.390683,-0.885336,-2.364144,-0.144804,-0.217127,-1.648120
4198,1,0,5,-0.922191,0.377441,-0.419335,-0.144804,-0.217127,1.257140
31977,0,0,0,0.025996,1.601176,0.358588,0.886874,-0.217127,-0.034087
35302,1,0,5,-1.068066,0.005955,1.136512,-0.144804,-0.217127,-0.034087
45396,1,1,6,-0.849254,-0.748484,1.136512,-0.144804,-0.217127,-0.034087
48016,0,0,0,-0.630441,-0.026894,-0.419335,-0.144804,-0.217127,-0.034087
11319,0,0,0,-1.432754,0.085214,-0.419335,-0.144804,-0.217127,-0.034087
32331,1,0,5,0.828308,0.838271,-0.419335,-0.144804,-0.217127,0.369421
44065,0,0,0,-0.557504,0.701987,-1.586221,-0.144804,-0.217127,0.772930
27614,0,0,0,1.776496,-0.204693,1.914436,-0.144804,-0.217127,-0.841104
29654,0,0,0,0.828308,-0.761221,-0.419335,-0.144804,-0.217127,-0.034087
44237,1,1,6,-0.849254,0.373681,1.136512,-0.144804,-0.217127,-0.841104
6737,0,0,0,0.244808,-1.322370,-0.419335,-0.144804,-0.217127,-0.034087
12852,1,0,5,-0.922191,-1.321565,-0.030373,-0.144804,-0.217127,-0.034087
4804,0,0,0,0.682433,-1.472290,-0.419335,-0.144804,-0.217127,2.386963
5013,0,0,0,0.682433,-0.444544,1.525474,-0.144804,-0.217127,-0.034087
31332,1,1,6,-0.703379,-0.624861,-0.419335,-0.144804,-0.217127,-0.034087
10103,0,0,0,-1.359816,1.158612,-0.030373,-0.144804,-0.217127,-0.034087
11121,0,0,0,0.317746,-0.036288,-0.030373,-0.144804,-0.217127,0.611526
33222,0,0,0,1.776496,0.865136,-1.975183,-0.144804,-0.217127,-0.679700
34677,1,0,5,0.025996,-1.157460,-0.419335,-0.144804,-0.217127,-0.034087
10951,1,0,5,-0.046942,-1.031156,1.136512,-0.144804,-0.217127,-0.034087
1853,0,0,0,-0.776316,0.446928,1.136512,-0.144804,-0.217127,0.772930
495,1,0,5,0.171871,1.453149,-0.419335,-0.144804,-0.217127,-0.356894
31162,0,0,0,0.974183,1.862949,1.136512,-0.144804,-0.217127,0.369421
14338,0,3,3,-1.359816,-1.318781,-0.419335,-0.144804,-0.217127,-1.648120
7187,0,0,0,2.068246,0.344951,-0.030373,-0.144804,-0.217127,0.288720
39992,1,0,5,0.025996,-0.744905,1.525474,-0.144804,-0.217127,-0.437595
8618,0,0,0,0.828308,-0.166834,-0.030373,-0.144804,-0.217127,-0.034087
40312,0,0,0,-0.557504,-0.288601,-0.030373,-0.144804,-0.217127,-1.244612
28880,0,0,0,1.047121,-1.103474,-0.419335,1.871315,-0.217127,1.579946
4623,1,0,5,-1.578629,-0.076552,-1.197259,-0.144804,-0.217127,-1.970927
11107,0,0,0,0.463621,0.081048,1.136512,-0.144804,4.502471,0.369421
32689,0,0,0,-0.849254,-0.702879,-0.419335,-0.144804,-0.217127,1.579946
15486,1,0,5,0.974183,-0.101788,-0.419335,-0.144804,-0.217127,-0.034087
33292,0,0,0,0.244808,-0.022179,-1.586221,-0.144804,-0.217127,0.369421
17501,0,0,0,1.192996,-0.303260,-0.030373,-0.144804,-0.217127,-0.034087
30535,0,0,0,-0.703379,-0.521748,1.525474,-0.144804,-0.217127,-1.648120
14998,0,0,0,-0.338691,-0.235942,-0.419335,-0.144804,-0.217127,-0.034087
22962,0,0,0,-0.411629,-1.563973,-0.030373,-0.144804,-0.217127,1.579946
47160,1,4,9,-1.286879,-0.976366,-0.030373,-0.144804,-0.217127,-0.841104
21036,0,0,0,-0.630441,-1.032539,1.136512,-0.144804,-0.217127,-0.034087
13765,0,0,0,2.432933,-0.112640,-1.586221,-0.144804,-0.217127,-2.051629
42523,1,3,8,-0.484566,0.501784,-0.030373,-0.144804,2.606691,-0.034087
6366,0,0,0,1.484746,0.257444,-0.419335,-0.144804,-0.217127,-0.034087
36987,0,0,0,-0.630441,2.070623,-3.531030,-0.144804,-0.217127,-0.034087
18576,1,4,9,-1.141004,-0.219096,-0.030373,-0.144804,-0.217127,-0.034087
15483,1,3,8,0.025996,0.549879,-0.419335,-0.144804,-0.217127,-1.970927
16507,0,0,0,0.390683,0.015074,-0.419335,-0.144804,-0.217127,-0.034087
18060,0,0,0,1.192996,-0.534674,1.525474,-0.144804,-0.217127,0.772930
38546,0,0,0,-1.141004,-0.815092,-0.419335,-0.144804,-0.217127,-0.034087
47310,0,0,0,1.265933,-0.831578,-0.419335,0.400558,-0.217127,-0.034087
43256,0,3,3,-1.068066,0.518441,-0.419335,-0.144804,-0.217127,-0.437595
12079,0,0,0,-0.922191,0.528403,0.747550,-0.144804,-0.217127,-0.841104
43076,1,0,5,-0.557504,0.083216,-0.030373,-0.144804,-0.217127,-1.809524
48762,0,0,0,0.317746,0.486642,1.525474,-0.144804,-0.217127,0.369421
32493,1,0,5,-1.068066,1.820317,-1.197259,-0.144804,-0.217127,-0.034087
45934,1,0,5,0.171871,-0.191199,-0.419335,-0.144804,-0.217127,-0.841104
12088,0,0,0,-0.776316,1.414145,-0.419335,-0.144804,-0.217127,-1.648120
46458,1,0,5,-1.141004,-0.251992,-1.586221,-0.144804,-0.217127,-1.648120
14636,0,0,0,0.171871,0.556252,-0.419335,-0.144804,-0.217127,-0.034087
3225,0,0,0,0.244808,-0.303989,1.136512,-0.144804,4.502471,3.193980
37760,0,0,0,0.755371,0.283580,1.136512,-0.144804,-0.217127,2.790472
17590,0,0,0,0.244808,-1.482053,-0.419335,-0.144804,-0.217127,0.369421
32462,0,0,0,0.682433,-0.043778,-0.419335,0.834538,-0.217127,0.772930
25970,0,0,0,-0.557504,0.181973,-0.030373,-0.144804,-0.217127,-0.034087
40466,1,0,5,-0.703379,-0.875687,0.358588,-0.144804,-0.217127,-0.034087
25990,1,1,6,-0.557504,-0.252466,0.747550,-0.144804,-0.217127,-0.034087
42070,0,0,0,-1.141004,-0.444099,1.136512,-0.144804,-0.217127,-1.809524
26296,1,0,5,2.141183,0.920475,-2.364144,-0.144804,3.921826,-0.034087
34878,1,3,8,-1.141004,0.020964,-0.030373,-0.144804,-0.217127,-0.195490
37940,0,0,0,2.578808,-0.544986,-0.419335,-0.144804,-0.217127,0.611526
25186,0,0,0,1.776496,2.224624,-0.419335,-0.144804,-0.217127,-0.034087
14218,0,0,0,0.609496,1.457486,-0.419335,-0.144804,-0.217127,-0.034087
32153,1,0,5,1.922371,-0.142620,-2.753106,-0.144804,-0.217127,-2.455137
7248,0,3,3,0.390683,0.357328,0.358588,-0.144804,-0.217127,-0.034087
5138,0,0,0,0.171871,-1.247504,-0.030373,-0.144804,-0.217127,-0.034087
28967,0,0,0,-0.338691,1.982178,1.136512,-0.144804,-0.217127,-0.034087
20677,1,0,5,-1.068066,-0.878954,-0.030373,-0.144804,-0.217127,-1.890225
30537,0,0,0,-0.265754,0.471056,-1.586221,-0.144804,-0.217127,0.772930
16201,0,0,0,0.901246,-0.901794,-0.419335,-0.144804,-0.217127,-0.034087
48431,1,0,5,-0.995129,-1.033864,1.525474,-0.144804,-0.217127,-0.034087
22008,0,0,0,0.244808,1.074694,1.136512,-0.144804,-0.217127,0.772930
39415,0,0,0,0.317746,-0.184182,-0.030373,-0.144804,-0.217127,2.790472
34250,0,0,0,0.609496,-1.548433,0.747550,-0.144804,-0.217127,-0.034087
44160,1,0,5,1.849433,0.005339,-0.419335,-0.144804,-0.217127,-0.437595
28244,0,0,0,0.317746,-0.085842,1.136512,1.011137,-0.217127,-0.034087
26568,1,1,6,-1.286879,-0.329812,-0.030373,-0.144804,-0.217127,-0.034087
29210,1,0,5,-1.068066,0.413018,0.747550,-0.144804,-0.217127,-0.276192
20222,0,0,0,0.317746,-0.144590,1.525474,-0.144804,-0.217127,0.772930
14937,1,3,8,0.098933,-0.154760,-0.419335,-0.144804,-0.217127,-0.679700
23493,0,0,0,-1.432754,0.321808,-0.419335,0.405523,-0.217127,0.611526
32489,0,3,3,1.630621,1.571745,-0.419335,-0.144804,-0.217127,-0.034087
5297,0,0,0,0.755371,0.744012,-2.364144,-0.144804,-0.217127,-0.034087
21326,1,0,5,-1.359816,-1.436164,-0.030373,-0.144804,-0.217127,-1.648120
48219,0,0,0,0.828308,-1.474704,-0.419335,-0.144804,-0.217127,-0.034087
40145,0,0,0,-0.995129,-0.754279,-0.419335,-0.144804,-0.217127,-0.034087
44938,1,0,5,-0.557504,-0.673089,-0.030373,-0.144804,-0.217127,-0.034087
9376,0,0,0,0.244808,0.047081,-0.419335,-0.144804,-0.217127,-0.034087
15529,0,0,0,0.463621,1.027110,-0.419335,-0.144804,-0.217127,-1.244612
36078,0,0,0,0.390683,0.197541,1.136512,-0.144804,-0.217127,-0.034087
27086,0,3,3,-1.432754,-0.464704,-0.808297,-0.144804,-0.217127,-0.841104
18781,0,0,0,0.609496,-0.389081,1.914436,-0.144804,-0.217127,-0.437595
33302,0,0,0,0.098933,-0.204077,-0.419335,-0.144804,-0.217127,-0.034087
34611,1,0,5,1.192996,1.378862,-0.030373,-0.144804,-0.217127,-0.034087
18801,1,0,5,-1.141004,1.086351,-0.419335,-0.144804,-0.217127,-0.034087
3320,1,0,5,0.536558,-0.084933,-0.030373,-0.144804,-0.217127,-0.034087
13275,0,0,0,-0.849254,-0.116598,1.136512,-0.144804,-0.217127,0.369421
12716,0,3,3,-0.776316,0.329933,-0.030373,-0.144804,-0.217127,-0.034087
36827,1,3,8,1.557683,0.906233,-0.030373,-0.144804,-0.217127,0.772930
38894,1,0,5,-0.338691,0.064845,-0.419335,-0.144804,5.916861,-0.437595
32974,0,0,0,-1.213941,0.223733,0.747550,-0.144804,-0.217127,-1.244612
17241,0,0,0,-0.119879,-0.135452,-0.419335,-0.144804,-0.217127,-0.034087
46718,0,0,0,-0.046942,-0.606225,-0.030373,-0.144804,-0.217127,0.772930
31487,0,0,0,-0.338691,-0.987748,1.136512,-0.144804,-0.217127,-0.034087
44693,1,0,5,0.317746,-0.101144,1.525474,0.727050,-0.217127,0.772930
40384,1,0,5,0.536558,-0.232040,1.136512,-0.144804,-0.217127,-0.034087
34898,0,0,0,1.849433,-0.072158,-1.586221,-0.144804,-0.217127,0.772930
34028,0,0,0,-0.046942,0.061162,-0.030373,-0.144804,-0.217127,-0.034087
4938,1,0,5,-0.557504,-1.348146,-0.030373,-0.144804,4.100486,-1.648120
36756,1,0,5,-1.286879,-0.152743,-0.030373,-0.144804,-0.217127,-0.034087
3033,0,0,0,0.098933,-1.054981,-0.419335,-0.144804,-0.217127,-1.244612
23235,1,0,5,-1.432754,-0.803199,-0.030373,-0.144804,-0.217127,-2.051629
116,0,0,0,1.265933,1.074079,-0.030373,-0.144804,-0.217127,0.772930
7284,1,0,5,0.098933,-0.250458,1.136512,-0.144804,-0.217127,-0.034087
6780,1,3,8,-1.432754,0.262813,-0.030373,-0.144804,-0.217127,-0.195490
40483,1,0,5,-1.213941,-1.468218,-0.030373,-0.144804,-0.217127,-1.648120
33965,0,2,2,0.098933,-1.590004,-0.030373,-0.144804,-0.217127,-0.841104
46323,0,0,0,-0.484566,0.180836,-0.419335,-0.144804,-0.217127,1.579946
41025,0,0,0,0.390683,-1.285079,-0.030373,-0.144804,-0.217127,0.369421
45149,0,0,0,-1.213941,-0.304188,-0.419335,-0.144804,-0.217127,0.772930
29008,1,3,8,0.171871,0.016921,1.525474,-0.144804,-0.217127,1.579946
13520,0,3,3,-1.068066,2.943525,-0.419335,-0.144804,-0.217127,-0.034087
44385,1,0,5,-0.557504,1.128263,1.525474,-0.144804,-0.217127,-0.034087
34123,1,0,5,1.338871,-0.210289,-2.364144,-0.144804,-0.217127,-0.034087
10711,1,3,8,-1.359816,0.045831,-0.030373,-0.144804,-0.217127,-0.034087
4210,0,0,0,-0.192816,-1.194618,0.747550,-0.144804,-0.217127,0.611526
11137,1,3,8,0.901246,-0.141191,-0.419335,-0.144804,-0.217127,-0.195490
13128,0,0,0,0.244808,-0.142886,1.136512,0.550049,-0.217127,-0.034087
3721,0,0,0,-0.046942,-0.730123,1.136512,-0.144804,-0.217127,1.176438
16046,1,0,5,1.411808,-0.675749,-0.419335,-0.144804,-0.217127,-0.437595
31954,1,3,8,-0.338691,-0.739327,-1.586221,-0.144804,-0.217127,-0.034087
31002,0,1,1,-1.432754,1.062914,-0.030373,-0.144804,-0.217127,-0.437595
44929,1,0,5,-1.359816,-1.404394,0.358588,-0.144804,-0.217127,-0.034087
36221,0,0,0,0.317746,-1.482375,-0.030373,-0.144804,-0.217127,-0.437595
38447,0,0,0,0.682433,1.440281,-0.030373,-0.144804,-0.217127,0.772930
4706,0,0,0,0.682433,0.252151,-0.419335,-0.144804,-0.217127,0.208018
36607,1,0,5,0.755371,0.389495,-0.419335,-0.144804,-0.217127,-0.034087
9326,0,3,3,-0.557504,1.003048,-0.030373,-0.144804,-0.217127,-0.034087
6193,1,3,8,0.025996,-0.002643,-0.030373,-0.144804,-0.217127,-0.841104
24524,0,0,0,-1.505691,1.956440,-0.419335,-0.144804,-0.217127,-1.244612
18556,0,1,1,-0.922191,-0.397197,1.136512,-0.144804,-0.217127,-1.648120
33185,0,0,0,-0.557504,-0.221738,-0.419335,-0.144804,-0.217127,-0.034087
42344,1,4,9,-1.286879,1.062952,-1.197259,-0.144804,-0.217127,-0.841104
15125,0,0,0,0.171871,0.802050,-0.030373,0.834538,-0.217127,0.127316
24005,0,0,0,0.755371,-1.187923,-0.419335,-0.144804,-0.217127,4.000997
43061,0,3,3,1.995308,-0.173604,-0.030373,-0.144804,-0.217127,-0.034087
44422,0,3,3,-0.630441,0.429248,-0.030373,-0.144804,-0.217127,-0.034087
37404,1,0,5,-1.286879,-0.069848,-0.030373,-0.144804,-0.217127,-0.034087
48474,0,0,0,-1.432754,0.021068,-0.419335,-0.144804,-0.217127,-1.244612
5778,1,0,5,-1.505691,-0.659405,-0.030373,-0.144804,-0.217127,-1.648120
35671,0,0,0,0.171871,1.521954,1.525474,-0.144804,-0.217127,1.579946
47357,1,0,5,1.995308,0.955597,-2.364144,-0.144804,-0.217127,-0.034087
36347,1,0,5,-0.046942,0.449106,-0.030373,-0.144804,-0.217127,-0.356894
12378,0,0,0,-0.849254,2.181661,-0.419335,1.138352,-0.217127,0.772930
3302,0,0,0,1.630621,-0.918281,-0.419335,-0.144804,-0.217127,-3.020049
40931,0,0,0,2.214121,0.362129,-0.419335,0.318968,-0.217127,-0.841104
33908,0,0,0,-0.995129,-0.155792,1.136512,-0.144804,-0.217127,-0.034087
46015,0,0,0,2.724683,-0.140386,1.914436,1.114734,-0.217127,-1.244612
27544,1,0,5,-1.141004,0.365197,-0.030373,-0.144804,-0.217127,0.530825
24275,0,0,0,-0.922191,-0.283440,-0.419335,-0.144804,-0.217127,-0.034087
10516,1,0,5,0.536558,-1.561852,-0.419335,-0.144804,-0.217127,0.611526
4438,0,0,0,2.141183,-0.579455,2.303397,-0.144804,-0.217127,1.176438
37154,0,0,0,-0.046942,-1.174590,-0.030373,-0.144804,-0.217127,0.369421
14247,0,0,0,1.120058,0.460147,1.136512,-0.144804,-0.217127,0.772930
2488,0,2,2,0.974183,0.498820,-2.364144,-0.144804,-0.217127,-0.034087
37469,0,0,0,0.025996,-0.120235,1.136512,-0.144804,-0.217127,-0.034087
23174,0,4,4,0.317746,0.624707,-2.753106,-0.144804,-0.217127,-0.034087
46230,0,0,0,1.557683,-0.332142,-0.419335,0.271598,-0.217127,-0.437595
6235,1,0,5,0.609496,-1.540394,-0.030373,-0.144804,-0.217127,-0.437595
44887,1,0,5,-0.411629,-0.065814,1.136512,-0.144804,-0.217127,-0.034087
34854,0,0,0,0.025996,-0.794117,1.525474,-0.144804,-0.217127,0.611526
39996,1,0,5,1.557683,-0.827194,0.747550,-0.144804,-0.217127,0.369421
16229,0,0,0,0.974183,-0.041487,1.525474,-0.144804,-0.217127,-0.034087
23731,0,0,0,1.630621,2.722887,-2.364144,-0.144804,-0.217127,1.095736
36920,0,0,0,2.141183,-1.241605,-0.030373,-0.144804,4.088079,0.611526
42268,0,0,0,1.120058,-1.298251,-2.364144,-0.144804,-0.217127,2.386963
44790,0,0,0,3.089371,-0.046420,-0.030373,-0.144804,-0.217127,-1.244612
41706,0,0,0,2.141183,-0.090737,-0.419335,-0.144804,-0.217127,-1.406015
41978,0,0,0,2.578808,-1.400786,-0.419335,-0.144804,5.115373,-0.841104
41856,1,3,8,1.120058,-0.807280,-0.030373,0.405523,-0.217127,-0.034087
19829,0,0,0,1.192996,0.177901,1.525474,-0.144804,-0.217127,-0.034087
48700,0,0,0,0.171871,-0.249777,-0.419335,-0.144804,-0.217127,1.741350
45029,0,0,0,-0.776316,0.127902,0.358588,-0.144804,-0.217127,1.176438
42555,0,0,0,0.755371,-0.910080,0.747550,-0.144804,-0.217127,0.369421
15352,1,0,5,1.265933,-0.752120,1.136512,-0.144804,-0.217127,-0.034087
7325,0,1,1,-0.557504,1.598411,-0.030373,-0.144804,-0.217127,-0.034087
29115,1,0,5,-0.922191,-0.010370,-0.030373,-0.144804,-0.217127,-1.244612
12157,1,0,5,-0.411629,-0.785907,1.136512,-0.144804,-0.217127,-0.034087
30546,0,0,0,0.609496,-1.364547,-0.030373,-0.144804,-0.217127,-0.034087
13591,1,0,5,-0.046942,-0.073115,1.136512,-0.144804,-0.217127,-0.437595
31415,0,3,3,0.025996,1.185174,-0.030373,-0.144804,-0.217127,-0.034087
25380,1,0,5,2.724683,1.322793,-0.419335,-0.144804,-0.217127,-2.213032
28748,0,0,0,0.682433,0.141709,1.525474,-0.144804,-0.217127,0.772930
24933,0,0,0,1.922371,-1.167620,-1.197259,0.716448,-0.217127,-0.437595
43314,0,0,0,-0.192816,0.031835,-0.419335,-0.144804,-0.217127,1.579946
32538,1,3,8,-0.046942,-0.478056,1.136512,1.870778,-0.217127,0.369421
19454,0,0,0,-0.557504,2.627236,1.136512,-0.144804,-0.217127,0.369421
511,1,3,8,1.047121,0.588429,-2.753106,-0.144804,-0.217127,-0.841104
47301,0,0,0,3.089371,-1.272220,1.136512,-0.144804,-0.217127,-2.939347
34115,1,0,5,-1.141004,-1.348884,-0.030373,-0.144804,-0.217127,-0.034087
27391,0,0,0,-1.068066,0.126539,0.747550,-0.144804,-0.217127,-0.034087
4178,0,0,0,0.755371,-0.216615,-0.419335,-0.144804,-0.217127,-0.034087
6370,1,3,8,0.390683,-0.818454,1.136512,-0.144804,-0.217127,-0.034087
3047,0,0,0,-0.557504,0.720073,1.136512,-0.144804,-0.217127,-0.034087
48658,0,0,0,-0.484566,-0.083266,-1.197259,-0.144804,-0.217127,-0.034087
35981,0,0,0,-0.630441,0.085186,-0.419335,-0.144804,-0.217127,-0.034087
16643,0,0,0,0.390683,-1.042898,0.358588,-0.144804,-0.217127,-0.034087
27227,0,3,3,0.828308,0.203137,-1.586221,-0.144804,-0.217127,-0.034087
5814,0,0,0,-0.338691,0.721030,-0.030373,-0.144804,-0.217127,0.369421
33828,1,3,8,0.828308,-0.438540,-0.419335,-0.144804,-0.217127,-2.293734
10196,1,0,5,-0.557504,1.473566,1.136512,-0.144804,-0.217127,-0.034087
44041,0,0,0,-0.046942,0.830307,-0.030373,-0.144804,-0.217127,-0.034087
44910,1,0,5,-1.213941,0.011854,-1.197259,-0.144804,-0.217127,-1.244612
12566,0,0,0,0.390683,-0.314869,-0.030373,-0.144804,-0.217127,0.288720
16140,1,4,9,-0.338691,-0.008789,-0.419335,-0.144804,-0.217127,-1.648120
27690,1,0,5,-0.192816,0.148621,-0.419335,-0.144804,-0.217127,-1.244612
5350,0,0,0,-1.432754,3.619112,-0.419335,-0.144804,-0.217127,-0.841104
1451,0,3,3,1.557683,-0.037074,-1.197259,-0.144804,-0.217127,-0.034087
44216,0,0,0,2.068246,-0.753219,-0.419335,-0.144804,-0.217127,-0.679700
11206,1,0,5,1.120058,2.366827,-0.030373,-0.144804,-0.217127,-0.034087
27317,0,0,0,2.287058,-1.276623,2.303397,-0.144804,-0.217127,-1.648120
