dataset,group,m,k,algorithm,param_eps,div,num_elem,time1,time2,time3
Census_small,Sex,2,5,fmmd_ILP,1,45.0,-,-,-,420.79765182700066
Census_small,Sex,2,5,FairFlow,0.05,21.6,-,-,-,0.027473596197523875
Census_small,Sex,2,5,scalable_fmmd_ILP,0.05,38.1,-,-,-,0.047618715799762866
Census_small,Sex,2,5,FairSwap,0.05,34.9,-,-,-,0.02899211650073994
Census_small,Sex,2,5,Alg1,0.05,33.3,23.5,0.0,0.06621204030016088,0.06621204030016088
Census_small,Sex,2,5,Alg2,0.05,33.5,35.4,0.0,0.11187512020114809,0.11187512020114809
Census_small,Sex,2,5,FairGreedyFlow,0.05,20.7,-,-,-,0.06457106180023402
Census_small,Sex,2,10,fmmd_ILP,1,34.0,-,-,-,990.0145243340012
Census_small,Sex,2,10,FairFlow,0.05,15.8,-,-,-,0.08369844799963175
Census_small,Sex,2,10,scalable_fmmd_ILP,0.05,30.3,-,-,-,0.16192393009987427
Census_small,Sex,2,10,FairSwap,0.05,28.4,-,-,-,0.08313794050118303
Census_small,Sex,2,10,Alg1,0.05,27.2,47.3,0.0,0.1484437317994889,0.1484437317994889
Census_small,Sex,2,10,Alg2,0.05,28.0,71.9,0.0,0.2530561052990379,0.2530561052990379
Census_small,Sex,2,10,FairGreedyFlow,0.05,14.3,-,-,-,0.16457271249964833
Census_small,Sex,2,15,fmmd_ILP,1,30.0,-,-,-,1800.8262002430056
Census_small,Sex,2,15,FairFlow,0.05,15.8,-,-,-,0.13127785220058286
Census_small,Sex,2,15,scalable_fmmd_ILP,0.05,26.8,-,-,-,0.22431308619998164
Census_small,Sex,2,15,FairSwap,0.05,24.2,-,-,-,0.13618337549924037
Census_small,Sex,2,15,Alg1,0.05,23.1,67.3,0.0,0.1922804295005335,0.1922804295005335
Census_small,Sex,2,15,Alg2,0.05,24.0,99.6,0.0,0.3821545151004102,0.3821545151004102
Census_small,Sex,2,15,FairGreedyFlow,0.05,11.9,-,-,-,0.25950080240072565
Census_small,Sex,2,20,fmmd_ILP,1,28.0,-,-,-,1847.9079297600038
Census_small,Sex,2,20,FairFlow,0.05,16.4,-,-,-,0.17783264280078584
Census_small,Sex,2,20,scalable_fmmd_ILP,0.05,24.3,-,-,-,0.2930295833008131
Census_small,Sex,2,20,FairSwap,0.05,22.2,-,-,-,0.17634550960210618
Census_small,Sex,2,20,Alg1,0.05,21.9,88.9,0.0,0.2570892550997087,0.2570892550997087
Census_small,Sex,2,20,Alg2,0.05,21.5,126.0,0.0,0.5426577928003098,0.5426577928003098
Census_small,Sex,2,20,FairGreedyFlow,0.05,10.5,-,-,-,0.3582465339015471
Census_small,Sex,2,25,fmmd_ILP,1,25.0,-,-,-,2381.776472231999
Census_small,Sex,2,25,FairFlow,0.05,12.8,-,-,-,0.22355154440010666
Census_small,Sex,2,25,scalable_fmmd_ILP,0.05,22.4,-,-,-,0.38188499529933323
Census_small,Sex,2,25,FairSwap,0.05,19.0,-,-,-,0.22668253259980703
Census_small,Sex,2,25,Alg1,0.05,20.3,109.0,0.0,0.3641565253004956,0.3641565253004956
Census_small,Sex,2,25,Alg2,0.05,20.7,149.3,0.0,0.7486100916001306,0.7486100916001306
Census_small,Sex,2,25,FairGreedyFlow,0.05,10.1,-,-,-,0.45726038829961907
Census_small,Sex,2,30,fmmd_ILP,1,24.0,-,-,-,1276.9533351650025
Census_small,Sex,2,30,FairFlow,0.05,13.0,-,-,-,0.27141108580035506
Census_small,Sex,2,30,scalable_fmmd_ILP,0.05,21.2,-,-,-,0.43075807010027345
Census_small,Sex,2,30,FairSwap,0.05,18.6,-,-,-,0.26865231660049177
Census_small,Sex,2,30,Alg1,0.05,18.1,119.5,0.0,0.4499282013013726,0.4499282013013726
Census_small,Sex,2,30,Alg2,0.05,18.8,169.4,0.0,0.9764908004013705,0.9764908004013705
Census_small,Sex,2,30,FairGreedyFlow,0.05,9.2,-,-,-,0.5345310406002681
Census_small,Sex,2,35,fmmd_ILP,1,23.0,-,-,-,2441.593940592
Census_small,Sex,2,35,FairFlow,0.05,12.0,-,-,-,0.3249022227013484
Census_small,Sex,2,35,scalable_fmmd_ILP,0.05,20.6,-,-,-,0.438663145701139
Census_small,Sex,2,35,FairSwap,0.05,18.1,-,-,-,0.31849155680029073
Census_small,Sex,2,35,Alg1,0.05,17.5,143.9,0.0,0.514532061299542,0.514532061299542
Census_small,Sex,2,35,Alg2,0.05,17.9,197.2,0.0,1.1361357431014767,1.1361357431014767
Census_small,Sex,2,35,FairGreedyFlow,0.05,9.1,-,-,-,0.6265164896009082
Census_small,Sex,2,40,fmmd_ILP,1,22.0,-,-,-,2063.6177450510004
Census_small,Sex,2,40,FairFlow,0.05,11.5,-,-,-,0.38627874110025007
Census_small,Sex,2,40,scalable_fmmd_ILP,0.05,19.4,-,-,-,0.6307183778997569
Census_small,Sex,2,40,FairSwap,0.05,17.0,-,-,-,0.3754726311999548
Census_small,Sex,2,40,Alg1,0.05,16.3,155.5,0.0,0.6432174357003533,0.6432174357003533
Census_small,Sex,2,40,Alg2,0.05,16.9,211.5,0.0,1.546395997399668,1.546395997399668
Census_small,Sex,2,40,FairGreedyFlow,0.05,9.0,-,-,-,0.7346228358997905
Census_small,Sex,2,45,fmmd_ILP,1,21.0,-,-,-,971.2074710130037
Census_small,Sex,2,45,FairFlow,0.05,11.8,-,-,-,0.44896796610046297
Census_small,Sex,2,45,scalable_fmmd_ILP,0.05,19.0,-,-,-,0.5766487302993483
Census_small,Sex,2,45,FairSwap,0.05,16.9,-,-,-,0.42565910749908653
Census_small,Sex,2,45,Alg1,0.05,16.1,172.3,0.0,0.7391361113004677,0.7391361113004677
Census_small,Sex,2,45,Alg2,0.05,16.6,231.7,0.0,1.8348568064000574,1.8348568064000574
Census_small,Sex,2,45,FairGreedyFlow,0.05,8.1,-,-,-,0.8960574305005139
Census_small,Sex,2,50,fmmd_ILP,1,20.0,-,-,-,827.4647008399988
Census_small,Sex,2,50,FairFlow,0.05,10.8,-,-,-,0.5172313979986939
Census_small,Sex,2,50,scalable_fmmd_ILP,0.05,18.5,-,-,-,0.7477965148005751
Census_small,Sex,2,50,FairSwap,0.05,15.7,-,-,-,0.4906163490988547
Census_small,Sex,2,50,Alg1,0.05,15.3,182.6,0.0,0.9284250006006914,0.9284250006006914
Census_small,Sex,2,50,Alg2,0.05,15.5,245.0,0.0,2.2571056013999624,2.2571056013999624
Census_small,Sex,2,50,FairGreedyFlow,0.05,8.0,-,-,-,0.9829366408011992
Census_small,Age,7,10,fmmd_ILP,0.05,34.0,-,-,-,542.4657404989994
Census_small,Age,7,10,scalable_fmmd_ILP,0.05,30.3,-,-,-,0.12325128619850148
Census_small,Age,7,10,FairFlow,0.05,7.6,-,-,-,0.1334332981001353
Census_small,Age,7,10,FairGreedyFlow,0.05,8.1,-,-,-,0.9284066240004905
Census_small,Age,7,10,Alg2,0.05,15.7,156.3,0.0,0.3188591134006856,0.3188591134006856
Census_small,Age,7,15,fmmd_ILP,0.05,25.0,-,-,-,80.30280976100039
Census_small,Age,7,15,scalable_fmmd_ILP,0.05,21.8,-,-,-,0.20468835850115283
Census_small,Age,7,15,FairFlow,0.05,6.2,-,-,-,0.22664588399857166
Census_small,Age,7,15,FairGreedyFlow,0.05,6.1,-,-,-,1.3627951327012853
Census_small,Age,7,15,Alg2,0.05,14.4,204.2,0.0,0.533819810199202,0.533819810199202
Census_small,Age,7,20,fmmd_ILP,0.05,21.0,-,-,-,66.30447307199938
Census_small,Age,7,20,scalable_fmmd_ILP,0.05,19.1,-,-,-,0.2930820046000008
Census_small,Age,7,20,FairFlow,0.05,4.3,-,-,-,0.36244682960023056
Census_small,Age,7,20,FairGreedyFlow,0.05,3.9,-,-,-,1.97632897920048
Census_small,Age,7,20,Alg2,0.05,9.9,246.4,0.0,0.7611845773004461,0.7611845773004461
Census_small,Age,7,25,fmmd_ILP,0.05,17.0,-,-,-,47.86992561999796
Census_small,Age,7,25,scalable_fmmd_ILP,0.05,16.0,-,-,-,0.4083354094014794
Census_small,Age,7,25,FairFlow,0.05,4.7,-,-,-,0.49937163309805327
Census_small,Age,7,25,FairGreedyFlow,0.05,3.4,-,-,-,2.3669610430006287
Census_small,Age,7,25,Alg2,0.05,8.9,290.4,0.0,0.7137097535007342,0.7137097535007342
Census_small,Age,7,30,fmmd_ILP,0.05,17.0,-,-,-,45.50790031899669
Census_small,Age,7,30,scalable_fmmd_ILP,0.05,16.3,-,-,-,0.4573606407000625
Census_small,Age,7,30,FairFlow,0.05,3.5,-,-,-,0.6687666635989444
Census_small,Age,7,30,FairGreedyFlow,0.05,3.2,-,-,-,2.9582323053022264
Census_small,Age,7,30,Alg2,0.05,8.6,339.4,0.0,2.03739646800168,2.03739646800168
Census_small,Age,7,35,fmmd_ILP,0.05,17.0,-,-,-,48.403596937001566
Census_small,Age,7,35,scalable_fmmd_ILP,0.05,15.7,-,-,-,0.5185782310996728
Census_small,Age,7,35,FairFlow,0.05,3.9,-,-,-,0.8353725546992792
Census_small,Age,7,35,FairGreedyFlow,0.05,3.1,-,-,-,3.325118252899847
Census_small,Age,7,35,Alg2,0.05,7.8,365.3,0.0,2.0228622390997772,2.0228622390997772
Census_small,Age,7,40,fmmd_ILP,0.05,13.0,-,-,-,32.146457464994455
Census_small,Age,7,40,scalable_fmmd_ILP,0.05,11.8,-,-,-,0.7191769290991943
Census_small,Age,7,40,FairFlow,0.05,4.2,-,-,-,1.0425531236993266
Census_small,Age,7,40,FairGreedyFlow,0.05,2.1,-,-,-,3.9825443878005897
Census_small,Age,7,40,Alg2,0.05,5.9,398.1,0.0,2.607822609500727,2.607822609500727
Census_small,Age,7,45,fmmd_ILP,0.05,11.0,-,-,-,22.091259817003447
Census_small,Age,7,45,scalable_fmmd_ILP,0.05,9.0,-,-,-,0.8739549627011002
Census_small,Age,7,45,FairFlow,0.05,3.7,-,-,-,1.2663549441000215
Census_small,Age,7,45,FairGreedyFlow,0.05,2.2,-,-,-,4.575134677398455
Census_small,Age,7,45,Alg2,0.05,5.5,435.1,0.0,3.9453934590994324,3.9453934590994324
Census_small,Age,7,50,fmmd_ILP,0.05,9.0,-,-,-,17.382580926998344
Census_small,Age,7,50,scalable_fmmd_ILP,0.05,8.0,-,-,-,1.024739805101126
Census_small,Age,7,50,FairFlow,0.05,3.2,-,-,-,1.51368927240037
Census_small,Age,7,50,FairGreedyFlow,0.05,2.0,-,-,-,4.969575123299
Census_small,Age,7,50,Alg2,0.05,4.6,464.8,0.0,3.3462286312998915,3.3462286312998915
Census_small,Both,14,15,FairFlow,0.05,2.1,-,-,-,0.528207652400306
Census_small,Both,14,15,fmmd_ILP,0.05,25.0,-,-,-,83.83175722300075
Census_small,Both,14,15,scalable_fmmd_ILP,0.05,16.8,-,-,-,1.0901321040975744
Census_small,both,14,15,FairGreedyFlow,0.05,3.7,-,-,-,3.172812799399253
Census_small,both,14,15,Alg2,0.05,11.3,309.1,0.0,1.1248037166995346,1.1248037166995346
Census_small,Both,14,20,FairFlow,0.05,1.9,-,-,-,0.8448099082001136
Census_small,Both,14,20,fmmd_ILP,0.05,25.0,-,-,-,82.1477175770051
Census_small,Both,14,20,scalable_fmmd_ILP,0.05,17.5,-,-,-,1.0191204096001456
Census_small,both,14,20,FairGreedyFlow,0.05,3.7,-,-,-,4.1488082226002
Census_small,both,14,20,Alg2,0.05,9.7,360.4,0.0,1.8174345405022905,1.8174345405022905
Census_small,Both,14,25,FairFlow,0.05,1.6,-,-,-,1.2146330397990823
Census_small,Both,14,25,fmmd_ILP,0.05,25.0,-,-,-,370.9471977439971
Census_small,Both,14,25,scalable_fmmd_ILP,0.05,16.2,-,-,-,1.1400685580993013
Census_small,both,14,25,FairGreedyFlow,0.05,3.5,-,-,-,5.092508063399873
Census_small,both,14,25,Alg2,0.05,11.2,412.2,0.0,2.739302332099032,2.739302332099032
Census_small,Both,14,30,FairFlow,0.05,1.3,-,-,-,1.6967150866999874
Census_small,Both,14,30,fmmd_ILP,0.05,17.0,-,-,-,48.12038476199814
Census_small,Both,14,30,scalable_fmmd_ILP,0.05,14.0,-,-,-,1.053410194900789
Census_small,both,14,30,FairGreedyFlow,0.05,2.4,-,-,-,6.262037412398786
Census_small,both,14,30,Alg2,0.05,7.1,493.6,0.0,6.3116640586995345,6.3116640586995345
Census_small,Both,14,35,FairFlow,0.05,1.9,-,-,-,2.189437268600159
Census_small,Both,14,35,fmmd_ILP,0.05,21.0,-,-,-,77.61020640099741
Census_small,Both,14,35,scalable_fmmd_ILP,0.05,14.9,-,-,-,0.9358010496987845
Census_small,both,14,35,FairGreedyFlow,0.05,2.6,-,-,-,6.958564060000208
Census_small,both,14,35,Alg2,0.05,7.7,522.0,0.0,8.014453194899398,8.014453194899398
Census_small,Both,14,40,FairFlow,0.05,1.2,-,-,-,2.8198522543003492
Census_small,Both,14,40,fmmd_ILP,0.05,13.0,-,-,-,31.10998613200354
Census_small,Both,14,40,scalable_fmmd_ILP,0.05,12.5,-,-,-,1.6136717643988958
Census_small,both,14,40,FairGreedyFlow,0.05,1.3,-,-,-,8.635350072399888
Census_small,both,14,40,Alg2,0.05,5.9,568.6,0.0,12.29990098179842,12.29990098179842
Census_small,Both,14,45,FairFlow,0.05,1.4,-,-,-,3.470841609600029
Census_small,Both,14,45,fmmd_ILP,0.05,11.0,-,-,-,24.990426677002688
Census_small,Both,14,45,scalable_fmmd_ILP,0.05,9.4,-,-,-,2.8590613597996706
Census_small,both,14,45,FairGreedyFlow,0.05,1.0,-,-,-,9.341698213600466
Census_small,both,14,45,Alg2,0.05,5.5,620.4,0.0,17.15414764990128,17.15414764990128
Census_small,Both,14,50,FairFlow,0.05,1.0,-,-,-,4.434397466098744
Census_small,Both,14,50,fmmd_ILP,0.05,9.0,-,-,-,18.886431182996603
Census_small,Both,14,50,scalable_fmmd_ILP,0.05,7.2,-,-,-,3.9823609766004666
Census_small,both,14,50,FairGreedyFlow,0.05,1.0,-,-,-,9.944815691599796
Census_small,both,14,50,Alg2,0.05,4.2,636.9,0.0,16.85099867950048,16.85099867950048
adult_small,Sex,2,5,FairSwap,0.05,5.549703148606669,-,-,-,0.04013609000030556
adult_small,Sex,2,5,FairFlow,0.05,4.591277787233443,-,-,-,0.04006815899920184
adult_small,Sex,2,5,fmmd_ILP,0.05,8.087874155007235,162.5479098450014
adult_small,Sex,2,5,scalable_fmmd_ILP,0.05,6.4188834780657045,-,-,-,0.0682239390007453
Adult_small,Sex,2,5,Alg1,0.05,5.584561483221677,22.3,0.0,0.08489131620081025,0.08489131620081025
Adult_small,Sex,2,5,Alg2,0.05,5.493494889674999,30.8,0.0,0.14064919840093354,0.14064919840093354
Adult_small,Sex,2,5,FairGreedyFlow,0.05,2.849755442770808,-,-,-,0.05458308529996429
adult_small,Sex,2,10,FairSwap,0.05,4.509865875936379,-,-,-,0.07760064749963931
adult_small,Sex,2,10,FairFlow,0.05,3.2401557040511575,-,-,-,0.08215767509900615
adult_small,Sex,2,10,fmmd_ILP,0.05,5.303865169794666,327.90022748000047
adult_small,Sex,2,10,scalable_fmmd_ILP,0.05,4.64355673759878,-,-,-,0.13895953240062225
Adult_small,Sex,2,10,Alg1,0.05,4.029963653608007,43.9,0.0,0.12344171820150222,0.12344171820150222
Adult_small,Sex,2,10,Alg2,0.05,4.179452615192448,62.3,0.0,0.21407846820002305,0.21407846820002305
Adult_small,Sex,2,10,FairGreedyFlow,0.05,2.099925657815184,-,-,-,0.09092017249931814
adult_small,Sex,2,15,FairSwap,0.05,3.5977988810524373,-,-,-,0.1172174947008898
adult_small,Sex,2,15,FairFlow,0.05,2.440168811738668,-,-,-,0.12759898630029057
adult_small,Sex,2,15,fmmd_ILP,0.05,4.423359650266413,408.039426111005
adult_small,Sex,2,15,scalable_fmmd_ILP,0.05,3.8935076965804782,-,-,-,0.20765443519921972
Adult_small,Sex,2,15,Alg1,0.05,3.369680699362955,62.1,0.0,0.1791258890007157,0.1791258890007157
Adult_small,Sex,2,15,Alg2,0.05,3.514541359194401,88.3,0.0,0.3451783272998,0.3451783272998
Adult_small,Sex,2,15,FairGreedyFlow,0.05,1.6850106202685757,-,-,-,0.1417786478989001
adult_small,Sex,2,20,FairSwap,0.05,3.0369291393095916,-,-,-,0.1653045043007296
adult_small,Sex,2,20,FairFlow,0.05,2.2310579270868733,-,-,-,0.18608303790024366
adult_small,Sex,2,20,fmmd_ILP,0.05,3.7614733844162718,627.0533803149956
adult_small,Sex,2,20,scalable_fmmd_ILP,0.05,3.408359065324575,-,-,-,0.2743951729993569
Adult_small,Sex,2,20,Alg1,0.05,2.9024452365340863,82.0,0.0,0.24541994849860202,0.24541994849860202
Adult_small,Sex,2,20,Alg2,0.05,2.9566307532198706,118.9,0.0,0.552591821797978,0.552591821797978
Adult_small,Sex,2,20,FairGreedyFlow,0.05,1.4513273507008222,-,-,-,0.20504152790090302
adult_small,Sex,2,25,FairSwap,0.05,2.4952857600276217,-,-,-,0.19662660059984774
adult_small,Sex,2,25,FairFlow,0.05,1.9596133204987427,-,-,-,0.2372104745001707
adult_small,Sex,2,25,fmmd_ILP,0.05,3.3591382524647595,929.3533516559983
adult_small,Sex,2,25,scalable_fmmd_ILP,0.05,3.035151713786286,-,-,-,0.34544929489929926
Adult_small,Sex,2,25,Alg1,0.05,2.5331353316175234,95.7,0.0,0.2919311981000646,0.2919311981000646
Adult_small,Sex,2,25,Alg2,0.05,2.7375769280378,143.6,0.0,0.7038367519009625,0.7038367519009625
Adult_small,Sex,2,25,FairGreedyFlow,0.05,1.2505448356632298,-,-,-,0.26893405160080874
adult_small,Sex,2,30,FairSwap,0.05,2.273790433769677,-,-,-,0.24514637179963755
adult_small,Sex,2,30,FairFlow,0.05,1.810360213502964,-,-,-,0.29736676159955094
adult_small,Sex,2,30,fmmd_ILP,0.05,3.083776532262674,957.2111749189935
adult_small,Sex,2,30,scalable_fmmd_ILP,0.05,2.7868466514729757,-,-,-,0.4112250500009395
Adult_small,Sex,2,30,Alg1,0.05,2.4380242388091515,115.6,0.0,0.39337686080034473,0.39337686080034473
Adult_small,Sex,2,30,Alg2,0.05,2.5243058352992054,155.6,0.0,0.915922413401131,0.915922413401131
Adult_small,Sex,2,30,FairGreedyFlow,0.05,1.1874175748988742,-,-,-,0.3210137604983174
adult_small,Sex,2,35,FairSwap,0.05,2.2634778045600954,-,-,-,0.29192199259996415
adult_small,Sex,2,35,FairFlow,0.05,1.7489238406446055,-,-,-,0.3685721593014023
adult_small,Sex,2,35,fmmd_ILP,0.05,2.9120721016145876,1729.7848236680002
adult_small,Sex,2,35,scalable_fmmd_ILP,0.05,2.627327578514184,-,-,-,0.49032228299984126
Adult_small,Sex,2,35,Alg1,0.05,2.256992918759352,134.9,0.0,0.49814268309855836,0.49814268309855836
Adult_small,Sex,2,35,Alg2,0.05,2.3128965723705273,181.4,0.0,1.2616958227008581,1.2616958227008581
Adult_small,Sex,2,35,FairGreedyFlow,0.05,1.1075700614869426,-,-,-,0.3976314272993477
adult_small,Sex,2,40,FairSwap,0.05,2.1762032363081802,-,-,-,0.32669637809958657
adult_small,Sex,2,40,FairFlow,0.05,1.6471181682519869,-,-,-,0.4301511568999558
adult_small,Sex,2,40,fmmd_ILP,0.05,2.763582280881284,1129.6975687070008
adult_small,Sex,2,40,scalable_fmmd_ILP,0.05,2.5262644711207978,-,-,-,0.5429515504001756
Adult_small,Sex,2,40,Alg1,0.05,2.071089546153028,98.7,0.0,0.5138566219007771,0.5138566219007771
Adult_small,Sex,2,40,Alg2,0.05,2.082729918459152,103.7,0.0,0.5477991806998034,0.5477991806998034
Adult_small,Sex,2,40,FairGreedyFlow,0.05,1.6962639697443609,-,-,-,0.22273362149935566
adult_small,Sex,2,45,FairSwap,0.05,2.1198998253472228,-,-,-,0.38058577130068444
adult_small,Sex,2,45,FairFlow,0.05,1.5521258769938364,-,-,-,0.5129309383999499
adult_small,Sex,2,45,fmmd_ILP,0.05,2.6288006095415453,1416.9499896480047
adult_small,Sex,2,45,scalable_fmmd_ILP,0.05,2.4066625054418624,-,-,-,0.6073191277988371
Adult_small,Sex,2,45,Alg1,0.05,2.0161657402497117,166.3,0.0,0.8339946580999822,0.8339946580999822
Adult_small,Sex,2,45,Alg2,0.05,2.082138238863182,215.8,0.0,1.938466105000407,1.938466105000407
Adult_small,Sex,2,45,FairGreedyFlow,0.05,1.163281085988233,-,-,-,0.47084777500058406
adult_small,Sex,2,50,FairSwap,0.05,2.0586458098068072,-,-,-,0.43221651379935794
adult_small,Sex,2,50,FairFlow,0.05,1.4166134033946616,-,-,-,0.6140463032992557
adult_small,Sex,2,50,fmmd_ILP,0.05,2.5451471439476734,770.3429615459972
adult_small,Sex,2,50,scalable_fmmd_ILP,0.05,2.28013047743409,-,-,-,0.688043276600365
Adult_small,Sex,2,50,Alg1,0.05,2.012598350747156,179.7,0.0,0.8622249634019681,0.8622249634019681
Adult_small,Sex,2,50,Alg2,0.05,2.008038952996679,239.8,0.0,2.330259850499715,2.330259850499715
Adult_small,Sex,2,50,FairGreedyFlow,0.05,0.8986397483081096,-,-,-,0.633890567299386
adult_small,Race,5,5,FairFlow,0.05,1.7980534714314658,-,-,-,0.051302078399749006
adult_small,Race,5,5,fmmd_ILP,0.05,4.735987099680277,-,-,-,192.30159394699876
adult_small,Race,5,5,scalable_fmmd_ILP,0.05,4.374785054149108,-,-,-,0.3408447385983891
Adult_small,Race,5,5,FairGreedyFlow,0.05,1.9093373097887738,-,-,-,0.08905603779858211
Adult_small,Race,5,5,Alg2,0.05,3.4095481488374637,39.3,0.0,0.14888459310095642,0.14888459310095642
adult_small,Race,5,10,FairFlow,0.05,1.7311229576172535,-,-,-,0.11315436699878774
adult_small,Race,5,10,fmmd_ILP,0.05,4.544640679291818,-,-,-,203.76344909999898
adult_small,Race,5,10,scalable_fmmd_ILP,0.05,4.005910844709997,-,-,-,0.37285580680108976
Adult_small,Race,5,10,FairGreedyFlow,0.05,1.3836867734850582,-,-,-,0.17404891890109866
Adult_small,Race,5,10,Alg2,0.05,2.8271064906980046,74.4,0.0,0.24393849769912776,0.24393849769912776
adult_small,Race,5,15,FairFlow,0.05,1.6268752643545632,-,-,-,0.18441714859945932
adult_small,Race,5,15,fmmd_ILP,0.05,4.315980857954192,-,-,-,201.29569972900208
adult_small,Race,5,15,scalable_fmmd_ILP,0.05,3.6719462693694878,-,-,-,0.3742779324995354
Adult_small,Race,5,15,FairGreedyFlow,0.05,0.992745137560043,-,-,-,0.26693042400074773
Adult_small,Race,5,15,Alg2,0.05,2.774360616520872,96.3,0.0,0.3671265604003565,0.3671265604003565
adult_small,Race,5,20,FairFlow,0.05,1.3242346310338255,-,-,-,0.2727309392997995
adult_small,Race,5,20,fmmd_ILP,0.05,3.601133923114635,-,-,-,333.15180621000036
adult_small,Race,5,20,scalable_fmmd_ILP,0.05,3.198273638044678,-,-,-,0.46415699709832553
Adult_small,Race,5,20,FairGreedyFlow,0.05,0.861644223672409,-,-,-,0.35021983820115565
Adult_small,Race,5,20,Alg2,0.05,2.409821548508843,123.9,0.0,0.5801783404007438,0.5801783404007438
adult_small,Race,5,25,FairFlow,0.05,1.264758791983218,-,-,-,0.3856538694999472
adult_small,Race,5,25,fmmd_ILP,0.05,3.315934295465156,-,-,-,431.2416877440046
adult_small,Race,5,25,scalable_fmmd_ILP,0.05,2.950798480605012,-,-,-,0.4929792353999801
Adult_small,Race,5,25,FairGreedyFlow,0.05,0.7401018450130763,-,-,-,0.4533529877990077
Adult_small,Race,5,25,Alg2,0.05,2.207308185926135,150.3,0.0,0.806292195100832,0.806292195100832
adult_small,Race,5,30,FairFlow,0.05,1.219270236133643,-,-,-,0.47097576090018267
adult_small,Race,5,30,fmmd_ILP,0.05,3.083776532262674,-,-,-,527.5029388670009
adult_small,Race,5,30,scalable_fmmd_ILP,0.05,2.7377636711012245,-,-,-,0.5212059290999604
Adult_small,Race,5,30,FairGreedyFlow,0.05,0.7240833634972793,-,-,-,0.5175757393000822
Adult_small,Race,5,30,Alg2,0.05,2.1478716955773187,159.5,0.0,0.9063413458992727,0.9063413458992727
adult_small,Race,5,35,FairFlow,0.05,0.9957959969298203,-,-,-,0.5891549102001591
adult_small,Race,5,35,fmmd_ILP,0.05,2.903770274667574,-,-,-,639.1891830640016
adult_small,Race,5,35,scalable_fmmd_ILP,0.05,2.5921059445091457,-,-,-,0.5608881573010877
Adult_small,Race,5,35,FairGreedyFlow,0.05,0.5975889781440283,-,-,-,0.6144689320011821
Adult_small,Race,5,35,Alg2,0.05,2.0881985328779527,184.1,0.0,1.1594719712993538,1.1594719712993538
adult_small,Race,5,40,FairFlow,0.05,1.0664562920150713,-,-,-,0.7380630272004055
adult_small,Race,5,40,fmmd_ILP,0.05,2.721011394654201,-,-,-,871.4177593580098
adult_small,Race,5,40,scalable_fmmd_ILP,0.05,2.472822083334047,-,-,-,0.684340021396929
Adult_small,Race,5,40,FairGreedyFlow,0.05,0.8691540960742309,-,-,-,0.43512625630100954
Adult_small,Race,5,40,Alg2,0.05,1.6244781315683574,102.6,0.0,0.4928848370007472,0.4928848370007472
adult_small,Race,5,45,FairFlow,0.05,1.1578061116594949,-,-,-,0.8868134995980654
adult_small,Race,5,45,fmmd_ILP,0.05,2.6288006095415453,-,-,-,817.8754272149963
adult_small,Race,5,45,scalable_fmmd_ILP,0.05,2.3909269103617534,-,-,-,0.6594219496997539
Adult_small,Race,5,45,FairGreedyFlow,0.05,0.6116054081419464,-,-,-,0.7623072761969525
Adult_small,Race,5,45,Alg2,0.05,1.8528348626073192,213.1,0.0,1.6723589467990678,1.6723589467990678
adult_small,Race,5,50,FairFlow,0.05,0.9723934637793412,-,-,-,1.0480231528024888
adult_small,Race,5,50,fmmd_ILP,0.05,2.5451471439476734,-,-,-,699.5094379130023
adult_small,Race,5,50,scalable_fmmd_ILP,0.05,2.265783472307387,-,-,-,0.763223728298908
Adult_small,Race,5,50,FairGreedyFlow,0.05,0.5065327341772694,-,-,-,0.8914403325979947
Adult_small,Race,5,50,Alg2,0.05,1.7915408578522798,228.0,0.0,2.127341611799784,2.127341611799784
adult_small,Both,10,10,FairFlow,0.05,0.8365153278561295,-,-,-,0.18856472870102153
adult_small,Both,10,10,fmmd_ILP,0.05,3.124100407230376,-,-,-,114.60927103400172
adult_small,Both,10,10,scalable_fmmd_ILP,0.05,2.8751485488245754,-,-,-,0.824310263596999
Adult_small,both,10,10,FairGreedyFlow,0.05,1.0259316345114557,-,-,-,0.343822516099317
Adult_small,both,10,10,Alg2,0.05,2.0392243008334012,106.6,0.0,0.3739701292986865,0.3739701292986865
adult_small,Both,10,15,FairFlow,0.05,0.8666554477781666,-,-,-,0.3681868485015002
adult_small,Both,10,15,fmmd_ILP,0.05,3.124100407230376,-,-,-,124.07245979800064
adult_small,Both,10,15,scalable_fmmd_ILP,0.05,2.8444335012884734,-,-,-,0.8466254163038684
Adult_small,both,10,15,FairGreedyFlow,0.05,0.7394512860284282,-,-,-,0.5493845349978074
Adult_small,both,10,15,Alg2,0.05,1.7478452223009184,143.1,0.0,0.6106917430006433,0.6106917430006433
adult_small,Both,10,20,FairFlow,0.05,0.8676451979206352,-,-,-,0.512975721200928
adult_small,Both,10,20,fmmd_ILP,0.05,3.124100407230376,-,-,-,127.25160962200607
adult_small,Both,10,20,scalable_fmmd_ILP,0.05,2.9582083454758292,-,-,-,0.599454974400578
Adult_small,both,10,20,FairGreedyFlow,0.05,0.6823813734114814,-,-,-,0.6983106967003551
Adult_small,both,10,20,Alg2,0.05,1.9259566249530657,185.8,0.0,0.9611182075968827,0.9611182075968827
adult_small,Both,10,25,FairFlow,0.05,0.8050498438288285,-,-,-,0.74113764299982
adult_small,Both,10,25,fmmd_ILP,0.05,3.083776532262674,-,-,-,128.13360600300075
adult_small,Both,10,25,scalable_fmmd_ILP,0.05,2.629583895561505,-,-,-,0.8083080555981723
Adult_small,both,10,25,FairGreedyFlow,0.05,0.5876543269938252,-,-,-,0.8682468472994515
Adult_small,both,10,25,Alg2,0.05,1.6784902946969544,214.9,0.0,1.3897952699975575,1.3897952699975575
adult_small,Both,10,30,FairFlow,0.05,0.6785027117563329,-,-,-,1.0016257414012215
adult_small,Both,10,30,fmmd_ILP,0.05,2.9064841300158513,-,-,-,117.14919547000318
adult_small,Both,10,30,scalable_fmmd_ILP,0.05,2.5823238053593185,-,-,-,0.7342949252008111
Adult_small,both,10,30,FairGreedyFlow,0.05,0.48026753031802716,-,-,-,1.0290716587012867
Adult_small,both,10,30,Alg2,0.05,1.7130941436139029,237.0,0.0,1.6360307196999202,1.6360307196999202
adult_small,Both,10,35,FairFlow,0.05,0.8203810378921694,-,-,-,1.283896138498676
adult_small,Both,10,35,fmmd_ILP,0.05,2.7282857846607635,-,-,-,118.19421370900818
adult_small,Both,10,35,scalable_fmmd_ILP,0.05,2.5057408817631144,-,-,-,0.7048311577978893
Adult_small,both,10,35,FairGreedyFlow,0.05,0.46187191118712506,-,-,-,1.19592764259869
Adult_small,both,10,35,Alg2,0.05,1.6944720017247068,254.7,0.0,2.4056020848991464,2.4056020848991464
adult_small,Both,10,40,FairFlow,0.05,0.6414485509675169,-,-,-,1.6291844787017908
adult_small,Both,10,40,fmmd_ILP,0.05,2.6376961512314114,-,-,-,130.89168072100438
adult_small,Both,10,40,scalable_fmmd_ILP,0.05,2.427919214057614,-,-,-,0.712798670300981
Adult_small,both,10,40,FairGreedyFlow,0.05,0.5618330904409177,-,-,-,0.9254511109989835
Adult_small,both,10,40,Alg2,0.05,1.4211759298519409,138.6,0.0,0.8624742873013019,0.8624742873013019
adult_small,Both,10,45,FairFlow,0.05,0.6913837932120409,-,-,-,2.0252679566983716
adult_small,Both,10,45,fmmd_ILP,0.05,2.553453287906399,-,-,-,193.25583815100254
adult_small,Both,10,45,scalable_fmmd_ILP,0.05,2.3290417686018756,-,-,-,0.7833164673036663
Adult_small,both,10,45,FairGreedyFlow,0.05,0.41663711309810364,-,-,-,1.4788314476973028
Adult_small,both,10,45,Alg2,0.05,1.5603705497438838,299.1,0.0,3.1376523006008936,3.1376523006008936
adult_small,Both,10,50,FairFlow,0.05,0.6538527084431928,-,-,-,2.4597339660991566
adult_small,Both,10,50,fmmd_ILP,0.05,2.4416299749042647,-,-,-,391.93233476000023
adult_small,Both,10,50,scalable_fmmd_ILP,0.05,2.255174900827856,-,-,-,0.7697038517013425
Adult_small,both,10,50,FairGreedyFlow,0.05,0.40251052293024137,-,-,-,1.6948158913015505
Adult_small,both,10,50,Alg2,0.05,1.3922878466519726,321.5,0.0,3.837009112299711,3.837009112299711
twitter_small,Sex,3,5,FairFlow,0.05,1.2574169181886705,-,-,-,0.7139658766012872
twitter_small,Sex,3,5,fmmd_ILP,0.05,1.5828143201018101,-,-,-,2007.3087964000006
twitter_small,Sex,3,5,scalable_fmmd_ILP,0.05,1.5106346601188583,-,-,-,1.2772266958025285
Twitter_small,sex,3,5,FairGreedyFlow,0.05,1.343358026714829,-,-,-,11.775622495998686
Twitter_small,sex,3,5,Alg2,0.05,1.4655725738796122,39.0,0.0,1.4828576765969046,1.4828576765969046
twitter_small,Sex,3,10,FairFlow,0.05,1.231838834647722,-,-,-,1.4688930998017895
twitter_small,Sex,3,10,fmmd_ILP,0.05,1.507975944939932,-,-,-,3819.9388534229947
twitter_small,Sex,3,10,scalable_fmmd_ILP,0.05,1.4560856579994388,-,-,-,2.2593546402989886
Twitter_small,sex,3,10,FairGreedyFlow,0.05,1.2413431228651026,-,-,-,24.929429143200103
Twitter_small,sex,3,10,Alg2,0.05,1.3926108488431415,74.5,0.0,2.7245487290012536,2.7245487290012536
twitter_small,Sex,3,15,FairFlow,0.05,1.1815720430583814,-,-,-,2.3588514898030555
twitter_small,Sex,3,15,fmmd_ILP,0.05,1.461039092470291,-,-,-,4300.359678553999
twitter_small,Sex,3,15,scalable_fmmd_ILP,0.05,1.4078633928138058,-,-,-,3.829556533797586
Twitter_small,sex,3,15,FairGreedyFlow,0.05,1.1990643631512232,-,-,-,37.50486533440126
Twitter_small,sex,3,15,Alg2,0.05,1.3719867479136707,114.9,0.0,4.809545773900754,4.809545773900754
twitter_small,Sex,3,20,FairFlow,0.05,1.1599636088747474,-,-,-,3.3873058598022907
twitter_small,Sex,3,20,fmmd_ILP,0.05,1.4346780691796466,-,-,-,2064.3478804210026
twitter_small,Sex,3,20,scalable_fmmd_ILP,0.05,1.3957291892800545,-,-,-,4.697315137501573
Twitter_small,sex,3,20,FairGreedyFlow,0.05,1.1556110216792264,-,-,-,50.10073847379972
Twitter_small,sex,3,20,Alg2,0.05,1.3460531728048162,147.3,0.0,7.493610330000228,7.493610330000228
twitter_small,Sex,3,25,FairFlow,0.05,1.090315685879498,-,-,-,4.856192235799972
twitter_small,Sex,3,25,fmmd_ILP,0.05,1.4175799331289738,-,-,-,3041.5779172420007
twitter_small,Sex,3,25,scalable_fmmd_ILP,0.05,1.3769307987343233,-,-,-,6.185979433500324
Twitter_small,sex,3,25,FairGreedyFlow,0.05,1.1118504043155653,-,-,-,62.80172841030289
Twitter_small,sex,3,25,Alg2,0.05,1.3340678774532717,179.4,0.0,12.023621126000943,12.023621126000943
twitter_small,Sex,3,30,FairFlow,0.05,1.1185935765072323,-,-,-,5.739200621898635
twitter_small,Sex,3,30,fmmd_ILP,0.05,1.4035188847025422,-,-,-,1777.5530195480096
twitter_small,Sex,3,30,scalable_fmmd_ILP,0.05,1.3680967548540366,-,-,-,6.634145347500453
Twitter_small,sex,3,30,FairGreedyFlow,0.05,1.1061355903517995,-,-,-,75.7546230109001
Twitter_small,sex,3,30,Alg2,0.05,1.313101506817232,206.9,0.0,14.477488943601202,14.477488943601202
twitter_small,Sex,3,35,FairFlow,0.05,1.0567836894361389,-,-,-,7.1556990657001736
twitter_small,Sex,3,35,fmmd_ILP,0.05,1.3887450342566152,-,-,-,3200.7027035509964
twitter_small,Sex,3,35,scalable_fmmd_ILP,0.05,1.3569052123946743,-,-,-,7.534123007000017
Twitter_small,sex,3,35,FairGreedyFlow,0.05,1.0487001400906633,-,-,-,88.23943470640225
Twitter_small,sex,3,35,Alg2,0.05,1.3051195968756297,239.1,0.0,21.639048699200792,21.639048699200792
twitter_small,Sex,3,40,FairFlow,0.05,1.0456379994209113,-,-,-,8.647416384702955
twitter_small,Sex,3,40,fmmd_ILP,0.05,1.374953383415848,-,-,-,2366.487997289005
twitter_small,Sex,3,40,scalable_fmmd_ILP,0.05,1.339295426990989,-,-,-,9.199990590901871
Twitter_small,sex,3,40,FairGreedyFlow,0.05,1.0498255334222333,-,-,-,98.50528824829671
Twitter_small,sex,3,40,Alg2,0.05,1.301969686749403,264.9,0.0,28.07452194259822,28.07452194259822
twitter_small,Sex,3,45,FairFlow,0.05,0.9923491955656703,-,-,-,10.630832176799595
twitter_small,Sex,3,45,fmmd_ILP,0.05,1.3662878790104822,-,-,-,5000.202489547999
twitter_small,Sex,3,45,scalable_fmmd_ILP,0.05,1.3357619785684698,-,-,-,9.893569947799552
Twitter_small,sex,3,45,FairGreedyFlow,0.05,1.0362530695193366,-,-,-,110.79747763859777
Twitter_small,sex,3,45,Alg2,0.05,1.2990756692713075,290.2,0.0,37.82526208350028,37.82526208350028
twitter_small,Sex,3,50,FairFlow,0.05,1.0183123381724661,-,-,-,12.262831049198576
twitter_small,Sex,3,50,fmmd_ILP,0.05,1.3574773645532419,-,-,-,3516.3356171490013
twitter_small,Sex,3,50,scalable_fmmd_ILP,0.05,1.3269247782177043,-,-,-,10.873969389198464
Twitter_small,sex,3,50,FairGreedyFlow,0.05,1.0230855248724344,-,-,-,121.9896745749007
Twitter_small,sex,3,50,Alg2,0.05,1.3003163055486486,315.1,0.0,42.7969794315999,42.7969794315999
celebA_small,Sex,2,5,FairSwap,0.05,118730.28690420005,-,-,-,68.17773324980517
celebA_small,Sex,2,5,FairFlow,0.05,62121.600864399996,-,-,-,53.755344337699356
celebA_small,Sex,2,5,fmmd_ILP,0.05,140000.7691420001,-,-,-,4923.014874875997
celebA_small,Sex,2,5,scalable_fmmd_ILP,0.05,116270.49983450006,-,-,-,93.55991864819953
celebA_small,Sex,2,5,scalable_fmmd_modified_greedy,0.05,115883.60261700008,-,-,-,90.91125719260017
celebA_small,Sex,2,5,FairGreedyFlow,0.05,48762.36636629997,-,-,-,4.47304075939901
celebA_small,Sex,2,5,Alg1,0.05,108095.54413129995,22.1,0.0,95.90798742429615,95.90798742429615
celebA_small,Sex,2,5,Alg2,0.05,95054.66448779996,33.9,0.0,137.90333400259843,137.90333400259843
celebA_small,Sex,2,10,FairSwap,0.05,101457.31826099995,-,-,-,130.1658360018002
celebA_small,Sex,2,10,FairFlow,0.05,55540.68270860001,-,-,-,104.63531738419988
celebA_small,Sex,2,10,fmmd_ILP,0.05,129818.16405400017,-,-,-,4775.462311520008
celebA_small,Sex,2,10,scalable_fmmd_ILP,0.05,106959.33554709986,-,-,-,204.2480787027991
celebA_small,Sex,2,10,scalable_fmmd_modified_greedy,0.05,117414.28128019985,-,-,-,199.17573087959607
celebA_small,Sex,2,10,FairGreedyFlow,0.05,45554.57481710003,-,-,-,12.41293302980048
celebA_small,Sex,2,10,Alg1,0.05,94873.26258270002,45.7,0.0,134.48147549220158,134.48147549220158
celebA_small,Sex,2,10,Alg2,0.05,93216.5613874,70.2,0.0,214.40610217020003,214.40610217020003
